==> script harness
ignored-test inventory and isolated registrations: OK
..............................usage: runner [-h] [--list] [layers ...]
runner: error: another layer runner owns this checkout; wait for it to finish
.Evidence: /tmp/tmp56x66v_b/evidence/report.json
cancel/1: /usr/bin/python3 -c pass
  cancelled: not executed
cancel/2: /usr/bin/python3 -c pass
  not_run: not executed
...Evidence: /tmp/tmpj62fq1l3/evidence/report.json
bad/1: /usr/bin/python3 -c raise SystemExit(9)
  failed: bad-1.log

good/1: /usr/bin/python3 -c print('done')
  passed: good-1.log
.............................
----------------------------------------------------------------------
Ran 63 tests in 1.365s

OK
e3b0c44298fc1c149afbf4c8996fb92427ae41e4649b934ca495991b7852b855  /tmp/bookie-candidate-test-ylm9chp1/bookie-0.1.1-1-x86_64.pkg.tar.zst
candidate archive and rejection checks passed
✔ Validation was successful.
Debian package symlink validation passed
function-size checker: OK
==> file size guardrail
file-size: ok (soft>1200 requires baseline, hard>1800)
==> bounded database operations in the GUI
bounded-operations: ok (every GUI and MCP database call carries an OperationControl)
==> panic sites in production code
panic-sites: ok (no new unwrap/expect/panic!/todo!/unimplemented!/unreachable! in production code)
==> function sizes
function sizes within limits
==> cargo fmt --check (workspace)
==> cargo clippy (non-GTK crates)
    Checking tablepro-driver-sqlite v0.1.0 (/home/trung/Projects/tablepro/linux/crates/drivers/sqlite)
    Finished `dev` profile [unoptimized + debuginfo] target(s) in 0.52s
==> cargo test --lib (non-GTK crates)
    Finished `test` profile [unoptimized + debuginfo] target(s) in 0.31s
     Running unittests src/lib.rs (target/debug/deps/tablepro_agentd-465845da4f0895d8)

running 14 tests
test session_tests::session_preserves_views_errors_and_controlled_dispatch ... ok
test session_tests::session_preserves_controlled_constraint_metadata ... ok
test session_tests::session_forwards_catalog_listing_errors_and_controlled_dispatch ... ok
test tests::session_key_changes_when_material_changes ... ok
test tests::the_agent_never_adds_an_unknown_ssh_host_key ... ok
test tests::a_material_lookup_failure_does_not_reuse_a_healthy_cached_connection ... ok
test tests::session_key_changes_when_saved_transport_changes ... ok
test tests::session_key_ignores_policy_only_changes ... ok
test tests::a_material_lookup_failure_after_connect_discards_the_new_connection ... ok
test tests::retired_session_drops_after_final_issued_reference ... ok
test tests::cached_session_is_dropped_when_material_changes ... ok
test tests::a_key_material_rotation_during_connect_is_not_cached_under_the_stale_digest ... ok
test tests::a_healthy_cached_connection_is_reused_when_material_is_verified ... ok
test tests::cached_ping_is_bounded ... ok

test result: ok. 14 passed; 0 failed; 0 ignored; 0 measured; 0 filtered out; finished in 0.00s

     Running unittests src/lib.rs (target/debug/deps/tablepro_core-2b94cb5d4dca34bb)

running 508 tests
test activity::tests::an_engine_without_activity_views_is_distinct_from_a_missing_query ... ok
test activity::tests::kill_requires_positive_id ... ok
test activity::tests::postgres_sessions_sql ... ok
test catalog::tests::every_kind_parses_from_its_own_name_and_nothing_else_does ... ok
test activity::tests::every_declared_kind_has_a_template_and_no_undeclared_kind_does ... ok
test activity::tests::session_id_accepts_only_positive_integers ... ok
test connection::tests::service_address_preserves_service_identity_through_tunnels ... ok
test connection::tests::service_address_uses_dial_endpoint_for_direct_connections ... ok
test connection::tests::transport_presents_service_identity_over_a_forwarded_socket ... ok
test connection::tests::transport_uses_a_distinct_local_socket_origin ... ok
test connection::tests::transport_uses_the_dial_address_without_socket_forwarding ... ok
test driver::tests::a_driver_that_declares_nothing_claims_no_structure_metadata ... ok
test connection::controlled_default_tests::a_driver_declares_no_server_cancellation_by_default ... ok
test connection::controlled_default_tests::a_cancelled_control_stops_every_metadata_read_before_dispatch ... ok
test connection::controlled_default_tests::an_expired_deadline_stops_every_metadata_read_before_dispatch ... ok
test driver::tests::the_first_sorted_driver_supplies_the_connection_form ... ok
test connection::controlled_default_tests::a_deadline_reached_mid_flight_reports_an_unknown_outcome ... ok
test export::atomic_write_tests::a_completed_write_lands_at_the_destination_and_leaves_no_leftovers ... ok
test export::atomic_write_tests::a_failed_export_preserves_an_existing_destination ... ok
test export::atomic_write_tests::a_failed_write_leaves_neither_the_destination_nor_a_temporary_file ... ok
test export::atomic_write_tests::a_second_export_replaces_the_first_without_a_partial_state ... ok
test export::atomic_write_tests::export_staging_stays_on_the_destination_filesystem ... ok
test export::atomic_write_tests::an_existing_temporary_symlink_cannot_redirect_an_export ... ok
test export::csv::tests::csv_header_and_row ... ok
test export::csv::tests::csv_decimal_comma_only_rewrites_signed_plain_decimals ... ok
test export::csv::tests::csv_if_needed_quotes_each_structural_and_sanitization_trigger ... ok
test export::atomic_write_tests::overlapping_exports_publish_complete_independent_files ... ok
test export::csv::tests::csv_null_marker_skips_values_already_in_the_result ... ok
test export::atomic_write_tests::the_destination_never_exists_while_the_export_is_still_being_written ... ok
test export::csv::tests::csv_writer_uses_explicit_null_marker_without_changing_empty_text ... ok
test export::csv::tests::csv_renderer_applies_export_options_without_losing_cell_content ... ok
test export::csv::tests::rfc4180_csv_header_keeps_formula_like_column_names_unchanged ... ok
test export::csv::tests::the_plain_csv_writers_keep_formula_text_and_render_null_as_an_empty_field ... ok
test export::csv::tests::tsv_renderer_quotes_structural_characters_and_represents_nulls ... ok
test export::csv::tests::value_contract_csv_keeps_empty_text_distinct_from_null ... ok
test export::csv::tests::value_contract_csv_round_trip_preserves_decimal_trailing_zeroes ... ok
test export::csv::tests::value_contract_csv_round_trip_keeps_nonfinite_floats_distinct_from_null ... ok
test export::csv::tests::value_contract_csv_round_trip_preserves_negative_zero_bits ... ok
test export::csv::tests::value_contract_csv_round_trip_preserves_largest_finite_float_bits ... ok
test export::file::stream_tests::value_contract_streamed_csv_matches_renderer_with_and_without_header ... ok
test export::csv::tests::value_contract_csv_round_trip_preserves_signed_integer_boundaries ... ok
test export::file::stream_tests::value_contract_text_exports_retry_interruptions_and_complete_short_writes ... ok
test export::file::tests::a_sql_export_names_the_table_the_rows_came_from ... ok
test export::csv::tests::value_contract_csv_round_trip_preserves_smallest_subnormal_bits ... ok
test export::file::tests::a_sql_export_without_a_table_is_refused_before_the_destination_is_touched ... ok
test export::csv::tests::value_contract_csv_round_trip_preserves_timestamptz_nanoseconds ... ok
test export::file::tests::a_sql_export_with_undecodable_data_preserves_the_existing_destination ... ok
test export::file::tests::a_streamed_html_file_is_a_complete_document ... ok
test export::file::tests::a_streamed_xml_file_declares_its_encoding_and_closes_its_root ... ok
test export::file::tests::a_streamed_markdown_file_matches_the_clipboard_renderer ... ok
test export::file::tests::safe_csv_preserves_numbers_and_raw_mode_preserves_text ... ok
test export::file::tests::value_contract_html_nul_text_preserves_destination_and_reports_coordinates ... ok
test export::file::tests::every_format_stops_at_the_first_cancelled_row_without_touching_the_destination ... ok
test export::file::tests::file_and_clipboard_agree_and_cancellation_preserves_destination ... ok
test export::html::tests::a_cell_cannot_inject_markup_into_the_exported_page ... ok
test export::html::tests::an_ampersand_is_escaped_once_and_a_null_cell_is_marked ... ok
test export::file::tests::value_contract_workbook_empty_text_is_refused_without_losing_destination ... ok
test export::html::tests::value_contract_html_preserves_carriage_returns_through_parser_normalization ... ok
test export::in_clause::tests::in_clause_renderer_quotes_values_and_reports_unusable_values ... ok
test export::in_clause::tests::in_clause_uses_dialect_escaping_and_preserves_fractional_time ... ok
test export::file::tests::value_contract_workbook_mid_export_cancellation_preserves_destination ... ok
test export::csv::tests::value_contract_csv_binary_round_trip_preserves_null_empty_and_every_byte ... ok
test export::json::tests::json_renderer_keeps_value_types_duplicate_columns_and_missing_cells ... ok
test export::json::tests::value_contract_clickhouse_wide_integers_remain_exact_json_strings ... ok
test export::json::tests::value_contract_json_keeps_negative_zero_distinct_from_positive_zero_and_null ... ok
test export::json::tests::value_contract_json_keeps_null_and_booleans_distinct_from_text ... ok
test export::json::tests::value_contract_nonfinite_numbers_remain_distinct_from_sql_null ... ok
test export::file::tests::value_contract_xml_illegal_text_preserves_destination_and_reports_coordinates ... ok
test export::json::tests::value_contract_single_row_json_export_preserves_value_types ... ok
test export::markdown::tests::markdown_renderer_distinguishes_text_null_from_sql_null ... ok
test export::markdown::tests::markdown_renderer_quotes_text_and_escapes_table_and_inline_markup ... ok
test export::sql::tests::a_driver_without_sql_literals_is_refused_instead_of_writing_a_wrong_statement ... ok
test export::sql::tests::a_value_and_a_column_name_cannot_close_the_statement_they_sit_in ... ok
test export::sql::tests::one_insert_is_written_for_each_row_and_the_table_is_qualified_and_quoted ... ok
test export::tests::an_undecodable_value_renders_as_a_visible_marker_not_an_empty_null ... ok
test export::tests::value_to_text_preserves_non_json_value_representations ... ok
test export::xlsx::tests::a_result_at_the_sheet_limit_is_accepted ... ok
test export::xlsx::tests::a_result_over_the_sheet_limit_is_refused_with_the_limit_in_the_message ... ok
test export::file::tests::an_excel_export_publishes_a_complete_workbook ... ok
test export::xlsx::tests::a_workbook_is_written_as_a_zip_container_with_one_sheet ... ok
test export::xlsx::tests::value_contract_workbook_float_specials_stay_distinct_from_null ... ok
test export::xlsx::tests::value_contract_workbook_keeps_small_integers_numeric ... ok
test export::xlsx::tests::value_contract_workbook_rejects_invalid_cell_coordinates_without_overflow ... ok
test export::xml::tests::a_column_name_that_is_not_a_valid_element_name_is_sanitised ... ok
test export::xml::tests::a_cell_cannot_close_its_element_or_open_another ... ok
test export::xlsx::tests::value_contract_workbook_keeps_text_null_labels_as_strings_and_sql_null_blank ... ok
test export::xml::tests::a_null_cell_is_distinguishable_from_an_empty_string ... ok
test export::xml::tests::a_sanitised_column_name_is_used_for_every_row_element ... ok
test export::xlsx::tests::value_contract_workbook_keeps_excel_safe_floats_numeric ... ok
test export::xlsx::tests::value_contract_workbook_keeps_excel_precision_risk_floats_as_text ... ok
test export::xml::tests::an_illegal_character_is_refused_instead_of_replaced ... ok
test export::xml::tests::value_contract_xml_keeps_legal_unicode_boundaries_and_empty_text ... ok
test export::xml::tests::value_contract_xml_preserves_carriage_returns_and_literal_entity_text ... ok
test filter::tests::a_null_cell_filters_with_is_null_and_unfilterable_cells_offer_nothing ... ok
test filter::tests::between_rejects_empty_bound ... ok
test filter::tests::between_uses_two_placeholders ... ok
test filter::tests::an_equality_rule_parses_back_to_the_value_it_was_built_from ... ok
test filter::tests::bytes_column_rejected ... ok
test export::xlsx::tests::value_contract_workbook_preserves_nested_extended_json_as_exact_text ... ok
test filter::tests::contains_escapes_user_wildcards ... ok
test filter::tests::contains_wraps_with_percent_signs ... ok
test filter::tests::decimal_preservation_rejects_a_filter_that_would_round ... ok
test filter::tests::empty_set_returns_none ... ok
test filter::tests::ends_with_pattern ... ok
test filter::tests::extra_sql_alone_emits_wrapped_fragment ... ok
test filter::tests::duckdb_temporal_filters_refuse_values_the_column_would_truncate ... ok
test filter::tests::extra_sql_blank_is_treated_as_none ... ok
test filter::tests::extra_sql_combines_with_structured_rules ... ok
test filter::tests::extra_sql_or_combinator ... ok
test filter::tests::filter_set_default_combinator_is_and ... ok
test filter::tests::filter_set_is_empty_considers_extra_sql ... ok
test filter::tests::ilike_falls_back_to_like_on_mysql ... ok
test filter::tests::filter_set_serde_round_trips ... ok
test filter::tests::ilike_keeps_postgres_native_keyword ... ok
test filter::tests::in_emits_placeholder_per_element ... ok
test filter::tests::in_with_empty_list_rejected ... ok
test filter::tests::invalid_int_input_errors ... ok
test filter::tests::is_null_emits_no_placeholder ... ok
test filter::tests::json_column_takes_text_as_is ... ok
test filter::tests::missing_value_for_eq_errors ... ok
test filter::tests::multi_rule_wraps_in_parens ... ok
test filter::tests::mysql_uses_question_marks_and_backticks ... ok
test filter::tests::narrowing_replaces_the_column_rule_and_keeps_the_others ... ok
test filter::tests::not_in_emits_correct_keyword ... ok
test filter::tests::or_combinator_swaps_joiner ... ok
test filter::tests::parses_bool_yes_no ... ok
test filter::tests::parses_rfc3339_timestamptz ... ok
test filter::tests::parses_uuid_value ... ok
test filter::tests::placeholder_indices_continue_across_rules ... ok
test filter::tests::single_eq_no_parens ... ok
test filter::tests::postgres_enum_filters_cast_values_to_the_schema_qualified_type ... ok
test filter::tests::sqlite_uses_question_marks_and_double_quotes ... ok
test filter::tests::starts_with_pattern ... ok
test filter::tests::unknown_column_errors_with_name ... ok
test filter::tests::postgres_pattern_search_casts_values_but_typed_comparisons_do_not ... ok
test import::cell::tests::a_field_that_does_not_fit_its_column_names_the_failure_without_its_contents ... ok
test import::cell::tests::a_catalog_type_name_reads_as_the_value_shape_it_stores ... ok
test import::cell::tests::a_mapped_field_is_parsed_into_the_columns_type ... ok
test import::cell::tests::a_null_marker_the_user_set_is_null_even_for_text ... ok
test import::cell::tests::a_row_error_names_the_line_and_column_and_carries_no_cell_text ... ok
test import::cell::tests::an_empty_field_is_null_for_a_column_that_is_not_text ... ok
test import::cell::tests::an_empty_field_stays_an_empty_string_for_a_text_column ... ok
test import::cell::tests::an_unknown_type_is_read_as_text_rather_than_refused ... ok
test import::cell::tests::an_unmapped_column_becomes_null_so_the_server_default_applies ... ok
test import::cell::tests::binary_takes_hexadecimal_with_or_without_the_engine_prefix ... ok
test import::cell::tests::booleans_read_the_spellings_the_engines_export ... ok
test filter::tests::value_contract_parser_preserves_boundaries_and_rejects_rounding ... ok
test import::cell::tests::clickhouse_wide_integer_csv_cells_remain_exact_text ... ok
test import::cell::tests::declared_decimal_scale_can_equal_precision_when_all_digits_are_fractional ... ok
test import::cell::tests::formula_marker_is_removed_from_negative_decimal_cells_only_for_decimal_columns ... ok
test import::cell::tests::duckdb_interval_restores_only_formula_marked_canonical_text ... ok
test import::cell::tests::formula_marker_is_removed_only_from_valid_signed_wide_integer_cells ... ok
test import::cell::tests::formula_safe_wide_decimal_import_removes_only_its_marker ... ok
test import::cell::tests::postgres_array_csv_cells_remain_text_instead_of_being_parsed_as_scalars ... ok
test import::cell::tests::sqlite_numeric_affinity_text_fallback_does_not_apply_to_other_drivers ... ok
test import::cell::tests::the_temporal_types_parse_the_forms_an_export_writes ... ok
test import::cell::tests::value_contract_formula_safe_decimal_import_rejects_excess_precision ... ok
test import::cell::tests::value_contract_mssql_datetimeoffset_csv_cells_preserve_the_original_offset_and_scale ... ok
test import::cell::tests::value_contract_postgres_csv_restores_chrono_year_zero_as_bc_era_text ... ok
test import::cell::tests::value_contract_duckdb_csv_preserves_extended_calendar_values_exactly ... ok
test import::cell::tests::value_contract_postgres_temporal_sentinels_restore_only_recognized_csv_formula_markers ... ok
test import::cell::tests::value_contract_wide_decimal_csv_cells_remain_exact_text_when_decimal_cannot_hold_them ... ok
test import::cell::tests::value_contract_wide_integer_decimal_csv_cells_use_declared_precision_for_text_fallback ... ok
test import::cell::tests::wide_decimal_text_fallback_refuses_values_outside_declared_precision_and_scale ... ok
test import::cell::tests::wide_decimal_text_fallback_rejects_malformed_numeric_tokens ... ok
test export::file::stream_tests::value_contract_every_export_propagates_destination_write_failure ... ok
test import::cell::tests::value_contract_parser_preserves_boundaries_and_rejects_rounding ... ok
test import::csv_import::tests::a_byte_order_mark_is_not_part_of_the_first_column_name ... ok
test import::csv_import::tests::a_doubled_quote_inside_a_quoted_field_is_one_quote ... ok
test import::csv_import::tests::a_file_that_is_not_utf8_says_where_it_stops_being_text ... ok
test import::csv_import::tests::a_file_that_fits_the_limit_is_not_called_truncated ... ok
test import::csv_import::tests::a_file_with_no_header_gets_names_from_the_positions ... ok
test import::csv_import::tests::a_header_row_names_the_fields ... ok
test import::csv_import::tests::a_long_row_keeps_the_fields_the_header_did_not_name ... ok
test import::csv_import::tests::a_comma_file_is_detected_as_comma_delimited ... ok
test import::csv_import::tests::a_mapping_matches_on_name_whatever_the_case_or_spacing ... ok
test import::csv_import::tests::a_file_whose_first_row_is_data_is_not_read_as_having_a_header ... ok
test import::csv_import::tests::a_preview_stops_at_the_limit_and_says_so ... ok
test import::csv_import::tests::a_quoted_field_keeps_its_delimiters_and_newlines ... ok
test import::csv_import::tests::a_short_row_is_padded_rather_than_refused ... ok
test import::csv_import::tests::a_semicolon_file_is_detected_as_semicolon_delimited ... ok
test export::xlsx::tests::value_contract_workbook_preserves_wide_integers_and_exact_decimals_as_text ... ok
test import::csv_import::tests::a_single_column_file_falls_back_to_the_comma ... ok
test import::csv_import::tests::csv_format_conversion_preserves_delimiter_and_header_choice ... ok
test import::csv_import::tests::file_size_limit_accepts_exact_boundary_and_refuses_one_byte_more ... ok
test import::csv_import::tests::carriage_returns_do_not_survive_into_the_last_field ... ok
test import::csv_import::tests::an_empty_file_has_no_columns ... ok
test import::csv_import::tests::public_import_limits_keep_their_documented_units ... ok
test import::csv_import::tests::read_csv_file_refuses_oversized_sparse_files_from_metadata ... ok
test import::infer::tests::a_field_of_ones_and_zeroes_is_a_number_not_a_boolean ... ok
test import::csv_import::tests::a_tab_file_is_detected_as_tab_delimited ... ok
test import::csv_import::tests::more_columns_than_the_limit_are_refused ... ok
test import::csv_import::tests::read_csv_file_observes_delimiter_header_and_preview_options ... ok
test import::csv_import::tests::the_maximum_column_count_is_accepted ... ok
test import::infer::tests::a_field_whose_every_value_is_a_whole_number_is_an_integer ... ok
test import::infer::tests::a_header_longer_than_the_identifier_limit_is_cut_to_it ... ok
test import::infer::tests::a_header_that_is_not_a_usable_name_gets_a_positional_one ... ok
test import::infer::tests::an_empty_field_is_text_rather_than_a_guess_from_nothing ... ok
test import::infer::tests::an_inferred_column_never_constrains_what_the_file_can_hold ... ok
test import::infer::tests::blank_and_null_marker_cells_do_not_widen_numeric_inference ... ok
test import::infer::tests::every_engine_gets_a_type_name_it_parses ... ok
test import::infer::tests::one_value_that_does_not_fit_widens_the_whole_column_to_text ... ok
test import::infer::tests::only_the_sample_is_read_so_a_long_file_still_opens_at_once ... ok
test import::infer::tests::repeated_headers_at_the_identifier_limit_keep_a_unique_suffix ... ok
test import::infer::tests::repeated_headers_do_not_produce_two_columns_with_one_name ... ok
test import::infer::tests::sqlite_import_types_preserve_storage_affinity_for_numeric_and_binary_kinds ... ok
test import::infer::tests::the_narrowest_kind_that_fits_every_value_wins ... ok
test import::plan::tests::a_column_the_engine_fills_itself_is_never_written ... ok
test import::plan::tests::a_file_with_nothing_mapped_or_nothing_in_it_is_refused ... ok
test import::plan::tests::an_identifier_that_carries_a_quote_is_escaped_rather_than_closed ... ok
test import::plan::tests::a_mapped_column_with_a_server_default_stays_in_the_statement_for_every_row ... ok
test import::plan::tests::an_identifier_that_is_empty_or_carries_a_control_character_is_refused ... ok
test import::plan::tests::an_unmapped_column_is_left_out_so_its_own_default_applies ... ok
test import::csv_import::tests::a_file_over_the_size_limit_is_refused_before_it_is_parsed ... ok
test import::plan::tests::every_row_binds_to_the_same_statement ... ok
test import::plan::tests::numeric_affinity_text_fallback_is_sqlite_only ... ok
test import::plan::tests::postgres_enum_import_plan_uses_catalog_type_for_text_rows ... ok
test import::plan::tests::rows_that_cannot_be_read_stop_the_plan_and_are_reported_without_their_contents ... ok
test import::plan::tests::value_contract_postgres_array_csv_insert_uses_allowlisted_native_cast ... ok
test import::plan::tests::only_the_first_failures_are_listed_and_the_rest_are_counted ... ok
test import::plan::tests::postgres_enum_import_requires_a_null_marker_for_empty_fields ... ok
test import::plan::tests::the_batches_a_plan_offers_are_bounded_and_cover_every_row ... ok
test numeric_input::tests::value_contract_float_input_distinguishes_zero_subnormal_and_explicit_infinity ... ok
test import::plan::tests::value_contract_postgres_wide_numeric_csv_rows_share_text_cast_parameters ... ok
test operation::tests::cancellation_wins_when_both_controls_are_ready ... ok
test operation::tests::reports_pre_dispatch_timeout ... ok
test operation::tests::reports_pre_dispatch_cancellation ... ok
test import::plan::tests::value_contract_postgres_temporal_csv_rows_share_text_cast_parameters ... ok
test operation::tests::returns_completed_operation_result ... ok
test pagination::tests::composite_pk_mysql ... ok
test operation::tests::with_timeout_sets_a_deadline_in_the_future ... ok
test pagination::tests::order_by_dialect ... ok
test pagination::tests::placeholder_offset ... ok
test pagination::tests::rejects_empty_and_mismatch ... ok
test pagination::tests::single_pk_postgres ... ok
test params::boundary_tests::value_contract_boolean_parameters_preserve_both_truth_values_and_reject_other_text ... ok
test params::boundary_tests::value_contract_explicit_text_keeps_whitespace_and_placeholder_spelling ... ok
test params::tests::a_mysql_hash_comment_hides_a_parameter ... ok
test params::tests::auto_infers_numbers_and_keeps_everything_else_as_text ... ok
test params::tests::explicit_kinds_parse_or_report_a_reason ... ok
test params::tests::adjacent_positional_placeholders_are_not_dollar_quotes ... ok
test params::tests::ignores_doubled_quotes_inside_literals ... ok
test params::boundary_tests::value_contract_parameter_lexer_preserves_nested_and_escaped_regions ... ok
test params::tests::ignores_placeholders_inside_literals_and_comments ... ok
test params::tests::ignores_placeholders_inside_dialect_quoting ... ok
test params::tests::leaves_existing_positional_placeholders_alone ... ok
test params::tests::array_slices_are_not_parameters ... ok
test params::tests::multibyte_text_keeps_its_bytes ... ok
test params::tests::parameter_kind_index_round_trips ... ok
test params::tests::repeated_names_bind_once_per_occurrence ... ok
test params::tests::leaves_postgres_casts_and_assignments_alone ... ok
test query::tests::enum_catalog_metadata_does_not_change_column_info_wire_shape ... ok
test params::tests::unterminated_literal_does_not_produce_parameters ... ok
test params::tests::value_contract_named_parameters_do_not_round_decimals ... ok
test sql_ddl::collation_tests::a_collation_name_from_the_catalog_is_quoted_or_refused ... ok
test sql_ddl::collation_tests::a_mssql_nullability_change_keeps_the_column_collation ... ok
test sql_ddl::collation_tests::a_mysql_modify_restates_the_collation_even_when_only_nullability_changed ... ok
test params::tests::rewrites_named_parameters_per_dialect ... ok
test params::tests::ignores_placeholders_inside_dollar_quoted_bodies ... ok
test sql_ddl::collation_tests::a_postgres_type_change_keeps_the_column_collation ... ok
test sql_ddl::collation_tests::a_type_change_to_a_type_without_collation_drops_the_clause ... ok
test sql_ddl::collation_tests::engines_without_collation_support_here_ignore_it ... ok
test shortcut_label::tests::browse_shortcuts_name_the_keys_the_grid_uses ... ok
test sql_ddl::comment_tests::a_comment_carrying_a_line_terminator_is_rejected ... ok
test sql_ddl::comment_tests::a_comment_edited_in_the_same_save_as_a_rename_uses_the_new_name ... ok
test sql_ddl::comment_tests::a_comment_may_contain_a_semicolon_and_a_sql_comment_marker ... ok
test sql_ddl::comment_tests::a_comment_only_edit_raises_an_alter_on_every_writable_dialect ... ok
test sql_ddl::comment_tests::a_comment_longer_than_the_engine_cap_is_rejected ... ok
test sql_ddl::comment_tests::a_comment_that_cannot_be_quoted_is_rejected_before_emission ... ok
test sql_ddl::comment_tests::a_draft_starts_from_the_loaded_comment ... ok
test sql_ddl::comment_tests::a_mysql_reorder_keeps_the_comment ... ok
test sql_ddl::comment_tests::a_postgres_comment_only_change_is_not_a_no_op ... ok
test sql_ddl::comment_tests::a_quote_in_a_comment_is_doubled_on_every_dialect ... ok
test sql_ddl::comment_tests::a_new_column_carries_its_comment_on_every_writable_dialect ... ok
test sql_ddl::comment_tests::changing_only_the_comment_is_a_change_beyond_the_name ... ok
test sql_ddl::comment_tests::every_driver_agrees_with_the_placement_table ... ok
test sql_ddl::comment_tests::a_semicolon_in_a_comment_cannot_fragment_the_statement_batch ... ok
test sql_ddl::comment_tests::mssql_branches_between_adding_and_updating_the_extended_property ... ok
test sql_ddl::comment_tests::mysql_clears_a_comment_with_an_empty_string ... ok
test sql_ddl::comment_tests::mysql_emits_no_comment_clause_for_a_column_that_never_had_one ... ok
test sql_ddl::comment_tests::mysql_refuses_backslash_comments_and_other_dialects_preserve_them ... ok
test sql_ddl::comment_tests::mysql_restates_the_comment_when_only_the_type_changed ... ok
test sql_ddl::comment_tests::postgres_clears_a_comment_with_is_null ... ok
test sql_ddl::comment_tests::postgres_emits_a_separate_comment_statement_after_the_alter ... ok
test sql_ddl::comment_tests::sqlite_refuses_a_column_comment ... ok
test sql_ddl::default_tests::a_postgres_default_edit_moves_between_no_default_null_and_empty_exactly ... ok
test sql_ddl::default_tests::a_mysql_nullability_change_restates_no_default_null_and_empty_defaults_as_loaded ... ok
test sql_ddl::default_tests::a_postgres_nullability_change_leaves_every_kind_of_default_untouched ... ok
test sql_ddl::default_tests::an_unchanged_empty_string_default_is_not_an_edit ... ok
test sql_ddl::tests::a_pure_column_rename_emits_only_the_rename ... ok
test sql_ddl::tests::a_pure_column_rename_needs_no_alter_on_any_dialect ... ok
test sql_ddl::tests::a_renamed_column_emits_the_rename_before_its_alters ... ok
test sql_ddl::tests::add_column_basic ... ok
test sql_ddl::tests::add_column_mssql_no_column_keyword ... ok
test sql_ddl::tests::add_column_sqlite_not_null_without_default_rejected ... ok
test sql_ddl::tests::add_column_sqlite_with_default_ok ... ok
test sql_ddl::tests::add_foreign_key_mssql ... ok
test sql_ddl::tests::add_foreign_key_mssql_rejects_restrict ... ok
test sql_ddl::tests::add_foreign_key_mysql_backticks ... ok
test sql_ddl::tests::add_foreign_key_omits_actions_when_none ... ok
test sql_ddl::tests::add_foreign_key_postgres ... ok
test sql_ddl::tests::allows_legitimate_complex_types ... ok
test sql_ddl::tests::allows_legitimate_default_expressions ... ok
test sql_ddl::tests::alter_column_mssql_applies_default_alongside_type_change ... ok
test sql_ddl::tests::alter_column_mssql_clearing_a_default_only_drops ... ok
test sql_ddl::tests::alter_column_mssql_default_only_replaces_the_constraint ... ok
test sql_ddl::tests::alter_column_mssql_drop_default_escapes_literals ... ok
test sql_ddl::tests::alter_column_mssql_type_and_nullable_change ... ok
test sql_ddl::tests::alter_column_mssql_unchanged_is_no_change ... ok
test sql_ddl::tests::alter_column_mysql_modify_full_def ... ok
test sql_ddl::tests::alter_column_postgres_default_change ... ok
test sql_ddl::tests::alter_column_postgres_emits_three_statements_when_all_change ... ok
test sql_ddl::tests::alter_column_postgres_nullable_change ... ok
test sql_ddl::tests::alter_column_postgres_rejects_injection_in_type ... ok
test sql_ddl::tests::alter_column_postgres_type_change ... ok
test sql_ddl::tests::alter_column_sqlite_rejected ... ok
test sql_ddl::tests::an_unrenamed_column_emits_no_rename ... ok
test sql_ddl::tests::create_index_basic ... ok
test sql_ddl::tests::create_index_compound_columns ... ok
test sql_ddl::tests::create_index_mssql ... ok
test sql_ddl::tests::create_index_refuses_a_partial_index_instead_of_dropping_its_predicate ... ok
test sql_ddl::tests::create_index_rejects_empty_name ... ok
test sql_ddl::tests::create_table_composite_pk ... ok
test sql_ddl::tests::create_table_postgres_bigserial ... ok
test sql_ddl::tests::create_table_rejects_empty_name ... ok
test sql_ddl::tests::create_table_rejects_no_columns ... ok
test sql_ddl::tests::create_table_simple_mssql ... ok
test sql_ddl::tests::create_table_simple_mysql ... ok
test sql_ddl::tests::create_table_simple_postgres ... ok
test sql_ddl::tests::create_table_simple_sqlite ... ok
test sql_ddl::tests::create_table_skips_primary_index ... ok
test sql_ddl::tests::create_table_sqlite_emits_pragma_for_fk ... ok
test sql_ddl::tests::create_table_with_default ... ok
test sql_ddl::tests::create_table_with_foreign_key ... ok
test sql_ddl::tests::create_table_with_schema ... ok
test sql_ddl::tests::create_table_with_secondary_index ... ok
test sql_ddl::tests::drop_column_each_driver ... ok
test sql_ddl::tests::drop_column_mssql ... ok
test sql_ddl::tests::drop_foreign_key_mssql ... ok
test sql_ddl::tests::drop_foreign_key_mysql ... ok
test sql_ddl::tests::drop_foreign_key_postgres ... ok
test sql_ddl::tests::drop_foreign_key_sqlite_rejected ... ok
test sql_ddl::tests::drop_index_mssql ... ok
test sql_ddl::tests::drop_index_mysql_uses_alter_table ... ok
test sql_ddl::tests::drop_index_postgres ... ok
test sql_ddl::tests::drop_index_sqlite ... ok
test sql_ddl::tests::drop_table_basic ... ok
test sql_ddl::tests::drop_table_cascade_only_postgres ... ok
test sql_ddl::tests::drop_table_mssql_no_cascade ... ok
test sql_ddl::tests::fk_action_canonicalised_case_insensitive ... ok
test sql_ddl::tests::materialize_ops_mssql_orders_rename_alter_then_add ... ok
test sql_ddl::tests::quoted_identifiers_round_trip_through_qualified_table ... ok
test sql_ddl::tests::rejects_injection_via_data_type ... ok
test sql_ddl::tests::rejects_injection_via_default ... ok
test sql_ddl::tests::rejects_unicode_line_separator_in_type ... ok
test sql_ddl::tests::rejects_unicode_paragraph_separator_in_default ... ok
test sql_ddl::tests::rejects_unknown_fk_action ... ok
test sql_ddl::tests::rename_column_each_driver ... ok
test sql_ddl::tests::rename_column_mssql ... ok
test sql_ddl::tests::rename_column_mssql_escapes_embedded_quote ... ok
test sql_ddl::tests::rename_table_each_driver ... ok
test sql_ddl::tests::rename_table_mssql ... ok
test sql_ddl::tests::rename_table_mssql_escapes_embedded_quote ... ok
test sql_ddl::tests::reorder_column_mysql ... ok
test sql_ddl::tests::reorder_column_mysql_first ... ok
test sql_ddl::tests::reorder_column_postgres_rejected ... ok
test sql_ddl::tests::reorder_column_sqlite_rejected ... ok
test sql_diagnostics::tests::code_only_and_unicode_offsets ... ok
test sql_diagnostics::tests::escaped_and_unterminated_spans_are_ignored ... ok
test sql_dialect::postgres_enum_tests::postgres_enum_write_casts_quote_catalog_schema_and_type_names ... ok
test sql_dialect::tests::a_keyed_delete_matches_a_null_key_component_with_is_null ... ok
test sql_dialect::tests::a_keyed_update_binds_new_values_then_every_key_component_in_order ... ok
test sql_dialect::tests::build_update_keeps_standard_syntax_for_other_dialects ... ok
test sql_dialect::tests::clickhouse_identifier_quoting_escapes_a_trailing_backslash ... ok
test sql_dialect::tests::explain_is_unsupported_for_engines_without_a_single_statement_plan ... ok
test sql_dialect::tests::explain_rejects_empty_sql ... ok
test sql_dialect::tests::explain_uses_the_engine_plan_form ... ok
test sql_dialect::tests::full_row_update_clickhouse ... ok
test sql_dialect::tests::full_row_update_length_mismatch ... ok
test sql_dialect::tests::full_row_update_skips_pk ... ok
test sql_dialect::tests::insert_from_draft_keeps_explicit_null_without_default ... ok
test sql_dialect::tests::insert_from_draft_mssql ... ok
test sql_dialect::tests::insert_from_draft_omits_null_when_default_exists ... ok
test sql_dialect::tests::insert_from_draft_qualifies_with_schema ... ok
test sql_dialect::tests::insert_from_draft_returns_error_when_only_auto_columns ... ok
test sql_dialect::tests::insert_from_draft_skips_auto_increment_pk ... ok
test sql_dialect::tests::insert_from_draft_skips_generated_columns ... ok
test sql_dialect::tests::keyed_statements_refuse_a_key_or_column_that_no_longer_fits_the_table ... ok
test sql_dialect::tests::mysql_identifier_quoting_does_not_touch_a_backslash ... ok
test sql_dialect::tests::pagination_limit_offset_dialects ... ok
test sql_dialect::tests::pagination_mssql_synthesizes_order_by_when_unsorted ... ok
test sql_dialect::tests::pagination_mssql_uses_offset_fetch ... ok
test sql_dialect::tests::pagination_treats_blank_order_by_as_absent ... ok
test sql_dialect::tests::placeholder_dialect ... ok
test sql_dialect::tests::placeholder_mssql ... ok
test sql_dialect::tests::postgres_numeric_cast_does_not_interpolate_untrusted_metadata ... ok
test sql_dialect::tests::postgres_typed_numeric_updates_keep_the_native_placeholder ... ok
test sql_dialect::tests::postgres_wide_numeric_inserts_cast_text_to_the_builtin_numeric_type ... ok
test sql_dialect::tests::postgres_wide_numeric_updates_cast_text_to_the_builtin_numeric_type ... ok
test sql_dialect::tests::quote_ident_dialect ... ok
test sql_dialect::tests::quote_ident_doubles_embedded_delimiter ... ok
test sql_dialect::tests::quote_ident_mssql ... ok
test sql_dialect::tests::quote_ident_strips_control_characters_from_an_invalid_identifier ... ok
test sql_dialect::tests::postgres_array_update_casts_allowlist_type_metadata ... ok
test sql_dialect::tests::single_cell_update_clickhouse ... ok
test sql_dialect::tests::single_cell_update_composite_pk ... ok
test sql_dialect::tests::single_cell_update_mssql ... ok
test sql_dialect::tests::single_cell_update_mysql ... ok
test sql_dialect::tests::single_cell_update_no_pk ... ok
test sql_dialect::tests::single_cell_update_postgres ... ok
test sql_dialect::tests::single_cell_update_sqlite ... ok
test sql_dialect::tests::validate_ident_accepts_ordinary_and_quoted_names ... ok
test sql_dialect::tests::validate_ident_rejects_empty_overlong_and_control_characters ... ok
test sql_dialect::tests::value_contract_postgres_temporal_insert_cast_is_limited_to_postgres_text_values ... ok
test sql_dialect::tests::value_contract_postgres_text_array_updates_cast_through_text_to_a_builtin_array_type ... ok
test sql_dialect::tests::where_clause_all_null_pk_no_placeholders ... ok
test sql_dialect::tests::where_clause_uses_is_null_for_null_pk_components ... ok
test sql_format::significant_tokens::tests::a_changed_word_changes_the_statement ... ok
test sql_format::significant_tokens::tests::a_comment_keeps_its_text_but_not_its_trailing_spaces ... ok
test sql_format::significant_tokens::tests::spacing_alone_does_not_change_a_statement ... ok
test sql_format::tests::an_empty_script_stays_empty ... ok
test sql_format::tests::a_slash_comment_at_the_end_of_a_statement_still_ends_it ... ok
test sql_format::tests::a_comment_that_would_swallow_the_code_after_it_keeps_the_statement_verbatim ... ok
test sql_format::tests::go_lines_preserved ... ok
test sql_format::tests::mysql_minus_minus_arithmetic_stays_arithmetic ... ok
test sql_format::tests::delimiter_procedure_preserved ... ok
test sql_format::tests::nested_block_comment_kept_verbatim ... ok
test sql_format::tests::format_is_idempotent_for_plain_statements ... ok
test sql_format::tests::standard_conforming_backslash_string_kept_verbatim ... ok
test sql_format::tests::dollar_tag_body_is_untouched ... ok
test sql_format::tests::plain_select_is_reflowed_case_preserved ... ok
test sql_format::tests::significant_whitespace_and_literal_prefixes_survive ... ok
test sql_lex::migrated_editor_cursor_tests::cursor_in_block_comment_with_semicolon_inside ... ok
test sql_lex::migrated_editor_cursor_tests::cursor_in_first_statement ... ok
test sql_lex::migrated_editor_cursor_tests::cursor_in_second_statement ... ok
test sql_lex::migrated_editor_cursor_tests::cursor_in_string_literal_with_semicolon_inside ... ok
test sql_lex::migrated_editor_cursor_tests::cursor_on_semicolon_takes_preceding_statement ... ok
test sql_lex::migrated_editor_cursor_tests::cursor_past_end_picks_last_statement ... ok
test sql_lex::migrated_editor_cursor_tests::empty_buffer_returns_none ... ok
test sql_lex::migrated_editor_cursor_tests::empty_input_returns_empty ... ok
test sql_lex::migrated_editor_cursor_tests::ignores_semicolons_in_block_comment ... ok
test sql_lex::migrated_editor_cursor_tests::ignores_semicolons_in_double_quotes ... ok
test sql_lex::migrated_editor_cursor_tests::ignores_semicolons_in_line_comment ... ok
test sql_lex::migrated_editor_cursor_tests::ignores_semicolons_in_string_literals ... ok
test sql_lex::migrated_editor_cursor_tests::multibyte_identifier_does_not_split_mid_char ... ok
test sql_lex::migrated_editor_cursor_tests::splits_on_top_level_semicolons ... ok
test sql_lex::migrated_editor_cursor_tests::trailing_semicolon_does_not_create_empty_statement ... ok
test sql_lex::migrated_editor_tests::an_unterminated_block_comment_swallows_the_rest ... ok
test sql_lex::migrated_editor_tests::an_unterminated_double_quote_keeps_the_tail_as_one_statement ... ok
test sql_lex::migrated_editor_tests::an_unterminated_single_quote_keeps_the_tail_as_one_statement ... ok
test sql_lex::migrated_editor_tests::statement_at_cursor_survives_an_unterminated_literal ... ok
test sql_lex::tests::a_backtick_identifier_holding_a_semicolon_does_not_split ... ok
test sql_lex::tests::a_bracket_identifier_holding_a_semicolon_does_not_split ... ok
test export::tests::exported_bytes_are_complete_zero_padded_hex ... ok
test sql_lex::tests::a_hash_is_not_a_comment_for_a_dialect_without_one ... ok
test sql_lex::tests::a_mysql_hash_comment_does_not_end_a_statement ... ok
test sql_lex::tests::a_postgres_dollar_quoted_body_stays_one_statement ... ok
test sql_lex::tests::a_tagged_dollar_quoted_body_stays_one_statement_next_to_another ... ok
test sql_lex::tests::an_unterminated_span_keeps_the_tail_as_one_statement ... ok
test sql_lex::tests::the_cursor_inside_a_dollar_quoted_body_selects_the_whole_statement ... ok
test sql_lex::tests::escaped_quotes_and_nested_comments_keep_statement_boundaries ... ok
test sql_literal::tests::a_backslash_is_escaped_only_where_the_engine_treats_it_as_an_escape ... ok
test sql_literal::tests::a_quote_inside_a_value_is_doubled_for_every_dialect ... ok
test sql_literal::tests::a_row_of_only_generated_columns_has_nothing_to_insert ... ok
test sql_literal::tests::a_row_that_does_not_match_the_columns_is_refused_rather_than_rendered ... ok
test sql_literal::tests::an_insert_keeps_an_auto_increment_column_so_a_copied_row_keeps_its_key ... ok
test sql_literal::tests::an_insert_leaves_out_a_generated_column_the_engine_would_reject ... ok
test sql_literal::tests::an_insert_qualifies_with_the_schema_and_quotes_per_dialect ... ok
test sql_literal::tests::a_rendered_literal_decodes_back_to_the_value_and_ends_where_it_should ... ok
test sql_literal::tests::binary_literals_preserve_empty_and_arbitrary_bytes ... ok
test sql_literal::tests::clickhouse_datetime64_exports_refuse_values_outside_its_nanosecond_range ... ok
test sql_literal::tests::clickhouse_datetime64_literal_uses_the_coarsest_exact_native_precision ... ok
test sql_literal::tests::clickhouse_nested_json_export_requires_native_type_metadata ... ok
test sql_literal::tests::insert_export_refuses_values_it_cannot_represent ... ok
test sql_literal::tests::scalar_values_render_without_quotes_and_null_stays_a_keyword ... ok
test sql_literal::tests::sql_server_literals_preserve_unicode_and_use_numeric_booleans ... ok
test sql_literal::tests::unrepresentable_values_return_errors_without_sql ... ok
test sql_literal::tests::value_contract_numeric_literals_avoid_implicit_decimal_and_float_conversions ... ok
test sql_syntax::script::compound_tracker::tests::routine_begin_holds_semicolons_until_end ... ok
test sql_literal::tests::value_contract_postgres_dates_preserve_eras_and_extended_years ... ok
test sql_syntax::script::compound_tracker::tests::transaction_begin_is_not_counted ... ok
test sql_syntax::script::compound_tracker::tests::trigger_body_ends_at_semicolon_end_semicolon ... ok
test sql_syntax::script::directive_scan::tests::delimiter_line_reads_the_argument ... ok
test sql_syntax::script::directive_scan::tests::go_line_accepts_count_and_comment ... ok
test sql_syntax::script::directive_scan::tests::go_line_rejects_other_text ... ok
test sql_syntax::script::script_plan::tests::a_cursor_before_the_first_statement_finds_no_statement ... ok
test sql_syntax::script::script_plan::tests::an_unterminated_clickhouse_heredoc_is_reported_as_a_diagnostic ... ok
test text_file::tests::a_new_file_is_created ... ok
test text_file::tests::a_file_deleted_after_opening_counts_as_changed ... ok
test text_file::tests::a_saved_file_reads_back_with_the_version_the_save_returned ... ok
test text_file::tests::reading_refuses_oversized_and_non_text_files ... ok
test tls::shared_tls_error_tests::an_ordinary_connection_error_is_not_a_handshake_failure ... ok
test text_file::tests::saving_over_a_file_changed_on_disk_is_refused_and_keeps_the_other_writer_contents ... ok
test tls::shared_tls_error_tests::rustls_identity_wording_is_recognised ... ok
test tls::shared_tls_error_tests::the_chain_keeps_every_nested_cause ... ok
test tls::shared_tls_error_tests::a_handshake_cause_is_recognised_only_through_the_whole_chain ... ok
test text_file::tests::saving_without_an_expected_version_overwrites ... ok
test tls::tests::tls_mode_index_round_trips ... ok
test text_file::tests::saving_keeps_the_file_permissions_and_writes_through_a_symlink ... ok
test export::xlsx::tests::value_contract_workbook_keeps_supported_whole_second_temporals_numeric ... ok
test import::csv_import::tests::a_field_over_the_length_limit_is_refused_and_names_the_line ... ok
test import::csv_import::tests::a_field_at_the_length_limit_is_accepted ... ok
test sql_format::tests::bounded_unicode_corpus_is_safe_and_idempotent ... ok
test export::file::tests::an_excel_export_over_the_row_limit_is_refused_before_the_destination_is_touched ... ok
test export::xlsx::tests::value_contract_workbook_preserves_temporal_precision_and_timezone_as_text ... ok
test export::file::tests::value_contract_workbook_column_limit_failure_preserves_destination ... ok
test export::json::tests::value_contract_json_round_trip_preserves_each_finite_exponent_and_mantissa_edges ... ok
test export::csv::tests::value_contract_csv_and_json_round_trip_seeded_finite_float_bits ... ok

test result: ok. 508 passed; 0 failed; 0 ignored; 0 measured; 0 filtered out; finished in 0.70s

     Running unittests src/lib.rs (target/debug/deps/drivers_clickhouse-3a8f3847b58eb0f2)

running 41 tests
test temporal::tests::datetime_timezone_is_read_from_wrapped_type_metadata ... ok
test tests::a_verifying_connect_timeout_stays_disconnected_instead_of_a_fabricated_tls_mismatch ... ok
test tests::base_type_strips_arguments_and_wrappers ... ok
test tests::bind_question_marks ... ok
test tests::bind_dollar_placeholders ... ok
test tests::clickhouse_json_row_preserves_wide_integer_tokens_exactly ... ok
test tests::clickhouse_response_rejects_column_type_count_mismatch ... ok
test tests::clickhouse_response_preserves_explicit_null_cells ... ok
test tests::clickhouse_response_rejects_row_width_mismatch_instead_of_inventing_nulls ... ok
test tests::clickhouse_terminal_exception_row_is_an_error_not_partial_success ... ok
test tests::connect_error_text_during_connect_is_connection_refused ... ok
test tests::connection_refusal_during_an_operation_is_disconnected ... ok
test tests::datetime64_parameter_values_outside_the_nine_digit_range_are_refused ... ok
test tests::datetime64_nine_digit_range_edges_remain_representable ... ok
test tests::datetime64_parameters_use_a_wider_exact_scale_when_subseconds_are_zero ... ok
test tests::decimal_literals_keep_their_scale ... ok
test tests::driver_metadata ... ok
test tests::escaped_quote_does_not_end_a_literal ... ok
test tests::decimal_preservation_never_passes_through_float_or_rounds ... ok
test tests::key_expression_splits_at_top_level_only ... ok
test tests::json_to_value_maps_common_types ... ok
test tests::map_error_classifies_auth ... ok
test tests::missing_parameter_is_an_error ... ok
test tests::nested_certificate_name_mismatch_is_tls ... ok
test tests::non_finite_floats_use_clickhouse_spellings ... ok
test tests::nullability_survives_low_cardinality ... ok
test tests::parameterised_types_decode_to_typed_values ... ok
test tests::placeholders_inside_comments_and_identifiers_are_left_alone ... ok
test tests::placeholders_inside_literals_are_left_alone ... ok
test tests::qualify_escapes_backticks ... ok
test tests::question_marks_are_escaped_for_the_client_template ... ok
test tests::server_error_mentioning_certificate_stays_a_query_error ... ok
test tests::text_literals_escape_quotes_and_backslashes ... ok
test tests::the_sorting_key_is_declared_but_foreign_keys_are_not ... ok
test tests::unreferenced_parameter_is_an_error ... ok
test tests::verifying_connect_does_not_report_a_hostname_mismatch_as_a_drop ... ok
test tls::tests::server_name_rejects_an_empty_hostname ... ok
test value_literal::tests::nested_json_cell_edits_refuse_values_without_native_type_metadata ... ok
test tls::tests::server_name_resolves_to_the_service_host_not_the_tunnel_address ... ok
test tests::open_session_is_refused ... ok
test temporal::tests::named_datetime_zones_decode_instants_and_refuse_dst_ambiguity ... ok

test result: ok. 41 passed; 0 failed; 0 ignored; 0 measured; 0 filtered out; finished in 0.00s

     Running unittests src/lib.rs (target/debug/deps/drivers_mongodb-748230748478d8f5)

running 37 tests
test codec::tests::bson_type_name_object_id ... ok
test codec::tests::missing_field_marker_cannot_be_bound_as_bson_null ... ok
test codec::tests::mongodb_date_grid_bindings_refuse_submillisecond_rounding ... ok
test codec::tests::arbitrary_precision_json_numbers_remain_bson_numbers ... ok
test codec::tests::bson_decimal_and_date_extremes_remain_exact_outside_core_ranges ... ok
test codec::tests::nested_bson_special_values_keep_their_extended_json_types ... ok
test codec::tests::non_generic_binary_subtypes_keep_their_extended_json_metadata ... ok
test codec::tests::page_type_conflict_marks_column_mixed_before_decoding_late_values ... ok
test codec::tests::canonical_extended_json_import_restores_nested_bson_types ... ok
test error::tests::a_connection_refused_io_error_during_an_operation_maps_to_disconnected ... ok
test error::tests::a_connection_refused_io_error_during_connect_maps_to_connection_refused ... ok
test error::tests::a_connection_refused_carrying_a_name_mismatch_maps_to_tls ... ok
test error::tests::a_handshake_cause_nested_under_the_io_error_still_reaches_the_text ... ok
test error::tests::a_plain_connection_refused_stays_connection_refused_when_verifying ... ok
test error::tests::a_certificate_name_mismatch_io_error_maps_to_tls ... ok
test error::tests::a_server_selection_timeout_embedding_a_name_mismatch_is_tls ... ok
test codec::tests::mixed_scalar_bson_column_keeps_canonical_type_markers ... ok
test error::tests::an_unrelated_io_error_is_not_mistaken_for_connection_refused ... ok
test codec::tests::uncommon_top_level_bson_kinds_keep_extended_json_type_markers ... ok
test error::tests::unexpected_transport_loss_is_reported_as_disconnected ... ok
test error::tests::verifying_connect_does_not_report_a_hostname_mismatch_as_a_refusal ... ok
test shell::tests::drop_table_sql_extracts_the_collection_name ... ok
test shell::tests::drop_table_sql_ignores_an_unrelated_statement ... ok
test shell::tests::drop_table_sql_unescapes_a_doubled_quote_in_the_name ... ok
test shell::tests::parse_aggregate_shell_pipeline ... ok
test shell::tests::parse_find_shell_bracket_name ... ok
test shell::tests::parse_find_shell_basic ... ok
test shell::tests::shell_commands_reject_trailing_text_instead_of_executing_a_prefix ... ok
test tests::driver_metadata ... ok
test tests::patched_mongodb_caps_scram_iterations ... ok
test tests::decimal128_edit_parser_preserves_native_precision_and_refuses_rounding ... ok
test tests::a_single_host_connection_always_requests_a_direct_connection ... ok
test tests::a_tunneled_connection_verifies_tls_against_the_service_hostname ... ok
test tests::structure_metadata_is_not_declared_without_a_fetch ... ok
test tests::open_session_is_refused ... ok
test tests::value_contract_mongodb_cancelled_inflight_read_is_unknown_not_disconnected ... ok
test tests::a_timed_out_read_reports_an_unknown_outcome ... ok

test result: ok. 37 passed; 0 failed; 0 ignored; 0 measured; 0 filtered out; finished in 0.05s

     Running unittests src/lib.rs (target/debug/deps/drivers_mssql-a431a36b1034d4f5)

running 33 tests
test codec::tests::a_null_numeric_column_stays_null ... ok
test codec::tests::a_numeric_value_within_decimals_range_still_decodes_as_decimal ... ok
test codec::tests::a_temporal_column_that_converts_keeps_its_value ... ok
test codec::tests::a_temporal_column_holding_sql_null_stays_null ... ok
test codec::tests::column_type_names_are_human_readable ... ok
test codec::tests::a_temporal_column_the_driver_cannot_convert_is_not_reported_as_null ... ok
test codec::tests::legacy_datetime_refuses_inexact_ticks_but_keeps_null_and_datetime2 ... ok
test codec::tests::value_contract_wide_numeric_text_keeps_sign_scale_and_every_digit ... ok
test codec::tests::money_columns_refuse_float_decoding_but_preserve_null ... ok
test tests::driver_metadata ... ok
test tests::direct_connection_uses_service_identity_as_dial_endpoint ... ok
test tests::format_type_lengths_and_precision ... ok
test tests::gssapi_errors_are_classified_as_integrated_authentication_failures ... ok
test tests::kerberos_connect_attempts_do_not_accumulate ... ok
test tests::kerberos_uses_integrated_authentication ... ok
test tests::local_server_shorthand_dials_localhost ... ok
test tests::normalize_default_leaves_unbalanced_alone ... ok
test tests::normalize_default_peels_parens_and_keeps_literal_quotes ... ok
test tests::qualified_uses_bracket_quoting ... ok
test tests::quote_ident_brackets_and_escapes ... ok
test tests::referential_actions_map_to_keywords ... ok
test tests::terminal_session_kill_is_disconnected_but_sql_errors_are_preserved ... ok
test tests::structure_metadata_declarations_match_the_connection_impl ... ok
test tests::tunnel_connection_uses_service_identity_for_tls_and_spn ... ok
test tests::undecodable_cell_cannot_be_bound_as_null ... ok
test tests::verify_ca_with_a_named_authority_does_not_panic_on_conflicting_trust_settings ... ok
test tests::verify_full_without_a_named_authority_does_not_panic ... ok
test variant_guard::tests::only_the_known_ssvariant_metadata_panic_is_classified ... ok
test zoned::tests::value_contract_datetimeoffset_refuses_invalid_scale_and_offset ... ok
test tests::retire_wakes_the_fault_sink_and_leaves_the_outcome_unknown ... ok
test zoned::tests::value_contract_datetimeoffset_renders_local_time_scale_and_offset ... ok
test variant_guard::tests::known_variant_panic_becomes_unsupported ... ok
test variant_guard::tests::unrelated_panics_are_not_swallowed ... ok

test result: ok. 33 passed; 0 failed; 0 ignored; 0 measured; 0 filtered out; finished in 0.00s

     Running unittests src/lib.rs (target/debug/deps/drivers_mysql-0c65e700eab4c6f3)

running 14 tests
test packed::tests::value_contract_bit_payloads_become_integers_until_they_pass_i64 ... ok
test packed::tests::value_contract_bit_payloads_outside_the_protocol_width_are_refused ... ok
test temporal::tests::calendar_fields_accept_only_the_protocol_lengths ... ok
test tests::a_direct_connection_dials_and_verifies_the_same_host ... ok
test tests::a_pool_startup_timeout_is_not_mapped_as_an_established_disconnect ... ok
test tests::a_tls_certificate_failure_wrapped_in_io_remains_a_tls_error ... ok
test tests::a_tunnelled_connection_dials_the_forwarded_socket_and_verifies_the_service_hostname ... ok
test tests::connection_refusal_remains_distinct_from_disconnection ... ok
test tests::driver_metadata ... ok
test tests::map_io_refused_returns_connection_refused ... ok
test tests::quote_ident_doubles_embedded_backticks ... ok
test tests::structure_metadata_declarations_match_the_connection_impl ... ok
test tests::undecodable_cell_cannot_be_bound_as_null ... ok
test tests::unexpected_io_eof_is_reported_as_disconnected ... ok

test result: ok. 14 passed; 0 failed; 0 ignored; 0 measured; 0 filtered out; finished in 0.00s

     Running unittests src/lib.rs (target/debug/deps/drivers_postgres-6938d6b5b669a4c1)

running 40 tests
test array::tests::value_contract_array_null_empty_and_escaped_text_stay_distinct ... ok
test array::tests::value_contract_enum_array_labels_quote_null_text_and_preserve_sql_null ... ok
test array::tests::value_contract_malformed_array_dimensions_lengths_types_and_elements_are_refused ... ok
test array::tests::value_contract_temporal_array_elements_reject_malformed_payloads ... ok
test array::tests::value_contract_vectors_render_space_separated_elements_and_refuse_other_headers ... ok
test decode::tests::value_contract_bit_strings_keep_leading_zeroes_and_reject_malformed_wire_values ... ok
test decode::tests::value_contract_bit_wire_lengths_pin_byte_boundaries_and_padding ... ok
test decode::tests::value_contract_inet_and_cidr_use_postgres_text ... ok
test decode::tests::value_contract_interval_extremes_and_mixed_signs_are_unambiguous ... ok
test decode::tests::value_contract_interval_query_duration_matches_postgres_style ... ok
test decode::tests::value_contract_lsn_preserves_both_halves_and_requires_eight_bytes ... ok
test decode::tests::value_contract_macaddr8_requires_eight_bytes_and_uses_postgres_lowercase_text ... ok
test decode::tests::value_contract_macaddr_requires_six_bytes_and_uses_postgres_lowercase_text ... ok
test decode::tests::value_contract_network_prefixes_families_flags_and_lengths_are_checked ... ok
test decode::tests::value_contract_pg_lsn_uses_uppercase_hex ... ok
test decode::tests::value_contract_unknown_binary_types_stay_undecoded ... ok
test numeric::tests::value_contract_malformed_numeric_payloads_are_refused_without_rounding_or_panicking ... ok
test array::tests::value_contract_array_header_mutations_and_maximum_depth_are_bounded ... ok
test numeric::tests::value_contract_numeric_preserves_base_groups_sign_scale_and_specials ... ok
test temporal::tests::value_contract_temporal_array_text_keeps_eras_instants_and_fractions ... ok
test temporal::tests::value_contract_time_keeps_end_of_day_and_microseconds ... ok
test temporal::tests::value_contract_time_rejects_invalid_lengths_times_and_offsets ... ok
test tests::a_pool_startup_timeout_is_not_mapped_as_an_established_disconnect ... ok
test tests::driver_metadata ... ok
test tests::map_certificate_failure_returns_tls_error ... ok
test tests::map_io_refused_returns_connection_refused ... ok
test tests::map_plain_io_failure_is_disconnected ... ok
test tests::an_undecodable_column_is_reported_to_the_logs_with_its_index_and_type ... ok
test tests::normalize_pg_default_keeps_an_expression_whole ... ok
test tests::normalize_pg_default_strips_only_the_cast_on_a_plain_literal ... ok
test tests::patched_sqlx_postgres_caps_scram_iterations ... ok
test tests::quote_ident_doubles_embedded_quotes ... ok
test tests::server_termination_states_are_disconnections_but_query_cancel_is_not ... ok
test tests::structure_metadata_declarations_match_the_connection_impl ... ok
test tests::undecodable_cell_cannot_be_bound_as_null ... ok
test tests::unexpected_io_eof_is_disconnected_and_connection_refusal_stays_distinct ... ok
test array::tests::value_contract_array_wire_limits_are_checked_before_decoding ... ok
test decode::tests::value_contract_extreme_intervals_and_malformed_network_values_do_not_panic ... ok
test numeric::tests::value_contract_numeric_wire_extremes_have_bounded_exact_output ... ok
test array::tests::value_contract_expanded_array_text_has_an_explicit_size_bound ... ok

test result: ok. 40 passed; 0 failed; 0 ignored; 0 measured; 0 filtered out; finished in 0.76s

     Running unittests src/lib.rs (target/debug/deps/drivers_redis-84ce2d4ac03d76e1)

running 37 tests
test tests::a_malformed_database_index_is_refused_instead_of_defaulting_to_zero ... ok
test tests::a_certificate_name_mismatch_io_error_maps_to_tls ... ok
test tests::a_connection_refused_carrying_a_name_mismatch_maps_to_tls ... ok
test tests::a_plain_connection_refused_stays_connection_refused_when_verifying ... ok
test tests::a_valid_index_is_used_even_with_surrounding_whitespace ... ok
test tests::a_non_timeout_io_error_during_an_operation_is_disconnected ... ok
test tests::an_encrypt_only_connection_does_not_verify_a_hostname ... ok
test tests::a_tunneled_connection_verifies_tls_against_the_service_hostname ... ok
test tests::an_empty_database_defaults_to_zero ... ok
test tests::driver_metadata ... ok
test tests::map_redis_error_classifies_connection_refusal_during_operation_as_disconnected ... ok
test tests::looks_like_tls_failure_reads_rustls_identity_text ... ok
test tests::map_redis_error_falls_back_to_a_query_error ... ok
test tests::map_redis_error_recognizes_noauth_and_wrongpass_as_auth_failures ... ok
test tests::parse_db_name_accepts_db_n ... ok
test tests::redis_scalar_maps_nil_and_primitives ... ok
test tests::redis_scalar_preserves_binary_that_is_not_utf8 ... ok
test tests::redis_stream_commands_are_refused ... ok
test tests::redis_resp3_attribute_and_push_keep_their_protocol_markers ... ok
test tests::redis_nested_replies_keep_structure_and_binary_bytes ... ok
test tests::redis_value_to_result_decodes_valid_utf8_binary_as_text ... ok
test tests::redis_value_to_result_maps_a_map_to_key_value_rows ... ok
test tests::redis_value_to_result_maps_an_array_to_one_row_per_item ... ok
test tests::redis_value_to_result_maps_nil_okay_and_scalars ... ok
test tests::redis_value_to_result_preserves_invalid_utf8_binary ... ok
test tests::open_session_is_refused ... ok
test tests::rustls_invalid_data_name_mismatch_maps_to_tls ... ok
test tests::setup_time_socket_reset_and_broken_pipe_are_connection_refused ... ok
test tests::split_redis_cli_handles_quotes ... ok
test tests::split_redis_cli_keeps_a_backslash_literal_outside_quotes ... ok
test tests::urlencoding_lite_keeps_unreserved_characters_and_encodes_everything_else ... ok
test tests::value_contract_empty_quoted_arguments_are_not_dropped ... ok
test tests::verifying_connect_does_not_report_a_hostname_mismatch_as_a_refusal ... ok
test tests::structure_metadata_is_not_declared_without_a_fetch ... ok
test tests::verifying_connect_maps_a_dropped_handshake_without_tls_text ... ok
test tests::redis_value_to_result_truncates_an_array_past_the_row_cap ... ok
test tests::redis_value_to_result_marks_a_truncated_map ... ok

test result: ok. 37 passed; 0 failed; 0 ignored; 0 measured; 0 filtered out; finished in 0.33s

     Running unittests src/lib.rs (target/debug/deps/drivers_sqlite-e7351706a35c1757)

running 13 tests
test tests::driver_metadata ... ok
test tests::structure_metadata_declarations_match_the_connection_impl ... ok
test tests::quote_ident_doubles_embedded_quotes ... ok
test tests::column_named_autoincrement_substring_is_not_flagged ... ok
test tests::integer_primary_key_with_default_is_not_auto_increment ... ok
test tests::composite_primary_key_no_auto_increment ... ok
test tests::a_value_that_does_not_match_its_declared_column_type_keeps_its_text_instead_of_becoming_null ... ok
test tests::an_expression_column_decodes_by_its_runtime_type ... ok
test tests::fetch_rows_handles_table_with_embedded_quote ... ok
test tests::integer_primary_key_no_autoincrement_is_rowid_alias ... ok
test tests::connect_create_and_list_tables ... ok
test tests::autoincrement_detected_via_sqlite_sequence ... ok
test tests::fetch_rows_paginates ... ok

test result: ok. 13 passed; 0 failed; 0 ignored; 0 measured; 0 filtered out; finished in 0.01s

     Running unittests src/lib.rs (target/debug/deps/tablepro_driver_tls_tests-686513ddf1dcb6e3)

running 0 tests

test result: ok. 0 passed; 0 failed; 0 ignored; 0 measured; 0 filtered out; finished in 0.00s

     Running unittests src/lib.rs (target/debug/deps/tablepro_mcp-ae2dea6dd73700fc)

running 45 tests
test auth::tests::a_stored_full_access_token_is_read_write ... ok
test auth::tests::read_only_blocks_write ... ok
test bridge::tests::a_count_statement_quotes_the_target_for_the_engine ... ok
test bridge::tests::only_a_non_negative_integer_count_is_accepted ... ok
test bridge::tests::a_hostile_identifier_cannot_escape_its_quotes ... ok
test bridge::tests::the_default_limits_are_the_values_the_bridge_has_always_used ... ok
test rate_limit::tests::a_key_with_no_recent_requests_is_forgotten ... ok
test bridge::tests::bridge_shutdown_cancels_every_owned_operation_control ... ok
test rate_limit::tests::allows_under_limit ... ok
test server::tests::a_non_loopback_bind_host_is_refused ... ok
test bridge::tests::repeated_failed_authentication_is_rate_limited_even_with_no_valid_token ... ok
test server::tests::an_older_client_revision_is_accepted_and_echoed ... ok
test server::tests::an_unknown_protocol_revision_is_refused_as_invalid_params ... ok
test server::tests::loopback_hosts_resolve_to_a_loopback_socket ... ok
test server::tests::native_requests_without_origin_are_allowed ... ok
test server::tests::discarding_stops_at_end_of_input ... ok
test server::tests::discarding_an_oversized_line_resyncs_on_the_next_request ... ok
test server::tests::the_advertised_protocol_revision_is_the_current_one ... ok
test bridge::tests::only_a_provable_read_skips_the_write_scope_check ... ok
test server::tests::trusted_browser_origins_are_allowed ... ok
test server::tests::untrusted_browser_origins_are_rejected ... ok
test server::tests::a_non_utf8_line_is_resynced_instead_of_ending_the_session ... ok
test server::tests::tools_list_is_refused_without_a_token ... ok
test server::tests::tools_list_is_refused_with_a_bad_token ... ok
test tokens::tests::a_non_regular_token_file_is_rejected ... ok
test tokens::tests::a_corrupt_token_file_is_an_error_rather_than_an_empty_store ... ok
test tokens::tests::a_symlink_token_file_is_rejected ... ok
test tokens::tests::a_permissive_fixed_temporary_file_is_not_reused ... ok
test tokens::tests::an_existing_owner_only_token_file_opens ... ok
test tokens::tests::an_existing_token_file_with_group_or_other_access_is_rejected ... ok
test tokens::tests::subprocess_mutates_token_store ... ignored, helper process spawned by other tests through --exact --ignored, not a standalone test
test tools::tests::an_undecodable_value_is_reported_to_mcp_clients_not_hidden_as_null ... ok
test tools::tests::pagination_arguments_refuse_a_negative_or_non_numeric_page ... ok
test tokens::tests::the_token_file_is_owner_only ... ok
test tools::tests::mongodb_extended_json_types_survive_mcp_value_conversion ... ok
test tools::tests::shared_query_history_is_not_exposed ... ok
test tools::tests::the_metadata_tools_are_advertised ... ok
test tools::tests::value_contract_nonfinite_numbers_remain_distinct_from_sql_null ... ok
test tokens::tests::revoke_blocks ... ok
test tokens::tests::issue_and_authenticate ... ok
test server::tests::tools_list_succeeds_with_a_valid_token ... ok
test tokens::tests::an_oversized_token_file_is_rejected ... ok

running 1 test

running 1 test
test tokens::tests::subprocess_mutates_token_store ... ok

test result: ok. 1 passed; 0 failed; 0 ignored; 0 measured; 44 filtered out; finished in 0.00s

test server::tests::streamable_http_server_stops_after_shutdown_is_requested ... ok
test tokens::tests::subprocess_mutates_token_store ... ok

test result: ok. 1 passed; 0 failed; 0 ignored; 0 measured; 44 filtered out; finished in 0.01s

test tokens::tests::a_subprocess_issue_cannot_resurrect_a_revoked_token ... ok
test rate_limit::tests::a_full_table_refuses_an_unknown_caller_instead_of_growing ... ok

test result: ok. 44 passed; 0 failed; 1 ignored; 0 measured; 0 filtered out; finished in 0.23s

     Running unittests src/lib.rs (target/debug/deps/tablepro_policy-cd0b4ab331428189)

running 171 tests
test audit::tests::uncertainty_is_scoped_to_a_connection_generation_but_journal_failure_is_global ... ok
test catalog_effect::tests::recognizes_single_transaction_boundaries_with_comments_and_chain_state ... ok
test blast_radius::tests::select_returns_none ... ok
test blast_radius::tests::insert_values_is_a_known_count_with_no_query ... ok
test blast_radius::tests::insert_select_is_rewritten_into_a_count_query ... ok
test blast_radius::tests::a_batch_of_literal_insert_values_sums_to_a_known_count ... ok
test blast_radius::tests::a_batch_mixing_a_known_and_an_unknown_statement_stays_unknown ... ok
test blast_radius::tests::an_update_from_clause_is_not_dropped_from_the_count ... ok
test blast_radius::tests::rewrite_update ... ok
test blast_radius::tests::a_delete_using_clause_is_not_dropped_from_the_count ... ok
test blast_radius::tests::rewrite_delete_with_where ... ok
test blast_radius::tests::an_update_join_is_not_dropped_from_the_count ... ok
test classify::tests::administrative_function_in_predicate_is_detected ... ok
test classify::tests::describe_table_is_a_read ... ok
test classify::tests::delete_without_where ... ok
test classify::tests::administrative_function_name_in_literal_or_comment_is_not_a_call ... ok
test classify::tests::broader_schema_and_privilege_changes_are_ddl ... ok
test classify::tests::data_modifying_cte_is_write ... ok
test classify::tests::explain_analyze_keeps_the_inner_statement_facts ... ok
test catalog_effect::tests::recognizes_only_successful_single_statement_ddl ... ok
test classify::tests::administrative_function_nested_in_expression_is_detected ... ok
test classify::tests::explain_with_a_parenthesized_analyze_option_is_a_write ... ok
test classify::tests::explain_verbose_of_a_select_is_a_read ... ok
test classify::tests::insert_is_mutating_dml ... ok
test classify::tests::explain_with_analyze_disabled_is_a_read ... ok
test classify::tests::mixed_script_preserves_ddl_in_both_orders ... ok
test classify::tests::grant_copy_and_merge_name_their_targets ... ok
test classify::tests::mixed_script_preserves_unscoped_dml_in_both_orders ... ok
test classify::tests::mixed_script_preserves_unknown_writes_in_both_orders ... ok
test classify::tests::insert_select_cte_write ... ok
test classify::tests::mssql_update ... ok
test classify::tests::multi_statement_flagged ... ok
test classify::tests::mysql_kill_is_administrative ... ok
test classify::tests::mysql_delete ... ok
test classify::tests::parse_failure_fail_closed ... ok
test classify::tests::plain_explain_of_a_write_does_not_execute_it ... ok
test classify::tests::plain_explain_of_a_select_is_a_read ... ok
test classify::tests::truncate_is_ddl_write ... ok
test classify::tests::postgres_terminate_backend_is_administrative ... ok
test classify::tests::select_is_read ... ok
test classify::tests::only_a_provable_read_skips_the_write_capability_check ... ok
test classify::tests::update_with_where ... ok
test classify::tests::sqlite_fileio_functions_are_administrative ... ok
test config::tests::a_corrupt_policy_file_is_refused ... ok
test classify::tests::values_and_recursive_values_cte_are_reads ... ok
test config::tests::a_connection_override_key_that_is_not_a_uuid_is_refused_at_load ... ok
test config::tests::a_connection_override_key_is_case_normalised_so_it_still_matches_at_lookup ... ok
test config::tests::a_misspelled_environment_name_is_refused_at_load ... ok
test config::tests::an_explicit_empty_mask_list_keeps_sensitive_defaults ... ok
test config::tests::default_prod_denies_agent_writes ... ok
test classify::tests::postgres_side_effecting_functions_are_administrative ... ok
test config::tests::a_custom_mask_pattern_adds_to_the_defaults_instead_of_replacing_them ... ok
test config::tests::an_invalid_glob_mask_pattern_is_refused_at_load ... ok
test config::tests::omitted_mask_patterns_keep_sensitive_defaults ... ok
test config::tests::an_unknown_field_in_an_environment_override_is_refused_at_load ... ok
test config::tests::local_unaudited_writes_require_explicit_opt_in ... ok
test config::tests::partial_connection_override_inherits_environment_policy ... ok
test config::tests::partial_prod_policy_inherits_secure_defaults ... ok
test config::tests::round_trip_toml ... ok
test guard::guard_tests::audit::a_disconnected_read_reports_the_connection_as_unusable_without_a_panic ... ok
test guard::guard_tests::audit::a_panicking_read_reports_the_connection_as_unusable ... ok
test guard::guard_tests::audit::a_panicking_driver_read_records_a_failed_terminal_outcome ... ok
test guard::guard_tests::audit::a_disconnected_write_reports_the_connection_as_unusable_without_a_panic ... ok
test guard::guard_tests::audit::ambiguous_commit_records_unknown_transaction_outcome ... ok
test guard::guard_tests::audit::a_panicking_driver_write_records_an_unknown_terminal_outcome ... ok
test guard::guard_tests::audit::a_panicking_write_reports_the_connection_as_unusable ... ok
test guard::guard_tests::audit::an_operation_that_does_not_panic_reports_no_fault ... ok
test guard::guard_tests::audit::agent_read_fails_when_outcome_cannot_be_recorded ... ok
test guard::guard_tests::audit::ambiguous_driver_error_records_unknown_and_poisons_state ... ok
test guard::guard_tests::audit::batch_query_error_records_unknown_and_poisons_state ... ok
test guard::guard_tests::audit::controlled_read_unknown_outcome_does_not_poison_governed_writes ... ok
test guard::guard_tests::audit::batch_records_correlated_redacted_intent_and_outcome ... ok
test guard::guard_tests::audit::audit_events_sanitize_driver_details_and_agent_token ... ok
test guard::guard_tests::audit::confirmed_controlled_timeout_records_timeout_without_poisoning_state ... ok
test guard::guard_tests::audit::an_unknown_write_blocks_only_its_connection_and_generation ... ok
test guard::guard_tests::audit::abandoning_an_old_write_after_replacement_keeps_the_new_generation_writable ... ok
test guard::guard_tests::audit::dropped_write_future_poisons_shared_state ... ok
test guard::guard_tests::audit::controlled_unknown_outcome_records_unknown_and_poisons_state ... ok
test guard::guard_tests::audit::human_approval_deny_fails_closed_when_outcome_cannot_be_recorded ... ok
test guard::guard_tests::audit::rollback_failure_is_audited_as_an_unknown_transaction_outcome ... ok
test guard::guard_tests::audit::human_policy_deny_fails_closed_when_outcome_cannot_be_recorded ... ok
test guard::guard_tests::audit::human_policy_deny_keeps_the_policy_message_when_audit_succeeds ... ok
test guard::guard_tests::audit::interactive_transaction_execute_query_error_records_unknown_and_poisons_state ... ok
test guard::guard_tests::audit::null_sink_denies_production_write ... ok
test guard::guard_tests::audit::local_unaudited_write_requires_explicit_opt_in ... ok
test guard::guard_tests::bulk::a_batch_past_the_row_budget_is_denied_and_never_reaches_the_driver ... ok
test guard::guard_tests::bulk::a_cancelled_import_writes_the_cancelled_terminal_state ... ok
test guard::guard_tests::bulk::a_denied_approval_writes_the_terminal_audit_state_and_grants_nothing ... ok
test guard::guard_tests::bulk::a_row_budget_outside_the_import_limit_is_refused ... ok
test guard::guard_tests::audit::post_execution_audit_failure_poisons_shared_state ... ok
test guard::guard_tests::bulk::a_read_only_connection_denies_an_import_before_it_asks_for_approval ... ok
test guard::guard_tests::bulk::a_failure_mid_import_stops_it_and_writes_one_terminal_record_with_the_committed_rows ... ok
test guard::guard_tests::bulk::a_failed_import_cannot_be_resumed_on_the_same_scope ... ok
test guard::guard_tests::bulk::a_scope_granted_for_one_table_is_denied_on_another ... ok
test guard::guard_tests::bulk::a_scope_granted_for_one_statement_is_denied_on_another ... ok
test guard::guard_tests::bulk::a_scope_granted_for_one_table_is_denied_on_another_schema ... ok
test guard::guard_tests::bulk::a_scope_granted_on_one_connection_is_denied_on_another ... ok
test guard::guard_tests::bulk::a_scope_is_denied_once_the_import_has_ended ... ok
test guard::guard_tests::bulk::an_import_is_refused_when_governed_writes_are_already_disabled ... ok
test guard::guard_tests::bulk::a_scope_is_refused_for_anything_that_is_not_one_insert ... ok
test guard::guard_tests::bulk::a_timed_out_import_writes_the_timed_out_terminal_state ... ok
test guard::guard_tests::bulk::an_import_dropped_without_a_terminal_record_disables_governed_writes ... ok
test guard::guard_tests::bulk::an_approved_scope_spends_exactly_its_row_budget ... ok
test guard::guard_tests::bulk::an_import_is_audited_as_one_operation_carrying_the_rows_it_wrote ... ok
test guard::guard_tests::bulk::one_approval_covers_every_batch_of_one_import ... ok
test guard::guard_tests::gating::agent_transaction_read_intent_failure_prevents_driver_query ... ok
test guard::guard_tests::gating::commit_intent_failure_prevents_inner_commit ... ok
test guard::guard_tests::gating::an_expired_deadline_skips_the_blast_radius_count ... ok
test guard::guard_tests::gating::categorical_agent_denial_skips_blast_radius_query ... ok
test guard::guard_tests::gating::approve_once_authorizes_only_the_current_operation ... ok
test guard::guard_tests::gating::list_objects_audit_target_leaves_out_the_schema_for_unscoped_kinds ... ok
test guard::guard_tests::gating::blast_radius_count_runs_through_the_controlled_query_path ... ok
test guard::guard_tests::gating::implicit_transaction_mode_is_denied_before_dispatch_and_audited ... ok
test guard::guard_tests::gating::list_objects_is_denied_when_the_agent_read_intent_cannot_be_recorded ... ok
test guard::guard_tests::gating::list_objects_reports_an_unsupported_kind_and_audits_the_read_with_its_target ... ok
test guard::guard_tests::gating::disabled_audit_state_cannot_be_bypassed_by_approval ... ok
test guard::guard_tests::gating::list_views_records_a_governed_read_outcome ... ok
test guard::guard_tests::gating::rollback_uses_distinct_operation_class ... ok
test guard::guard_tests::gating::read_only_denial_skips_blast_radius_query ... ok
test guard::guard_tests::gating::required_intent_failure_prevents_driver_execution ... ok
test guard::guard_tests::session::a_committed_session_transaction_records_the_commit ... ok
test guard::guard_tests::gating::transaction_batch_requests_one_approval ... ok
test guard::guard_tests::session::a_nested_begin_is_refused ... ok
test guard::guard_tests::session::a_denied_statement_inside_a_transaction_does_not_block_the_following_commit ... ok
test guard::guard_tests::session::a_definite_commit_failure_closes_the_batch_instead_of_leaving_it_open ... ok
test guard::guard_tests::session::a_disconnected_commit_writes_an_unknown_terminal_state_and_retires_the_session ... ok
test guard::guard_tests::session::a_failed_rollback_keeps_the_batch_until_a_retry_succeeds ... ok
test guard::guard_tests::session::a_disconnected_error_retires_the_session_even_when_the_driver_reports_it_usable ... ok
test mask::tests::a_known_sensitive_position_is_redacted_even_when_its_name_does_not_match ... ok
test guard::guard_tests::session::a_statement_on_a_retired_session_is_refused_before_dispatch ... ok
test guard::guard_tests::session::commit_without_a_preceding_begin_is_refused ... ok
test mask::tests::an_empty_pattern_list_with_no_known_positions_redacts_nothing ... ok
test guard::guard_tests::session::a_session_runs_its_own_transaction_and_audits_the_rollback_against_its_batch ... ok
test mask::tests::matches_pan_column ... ok
test guard::guard_tests::session::a_timed_out_commit_writes_a_timed_out_terminal_state_and_stays_open_for_retry ... ok
test mask::tests::redacts_cells ... ok
test guard::guard_tests::session::policy_still_denies_a_write_inside_a_session_on_a_read_only_connection ... ok
test guard::guard_tests::session::closing_a_session_with_an_open_transaction_rolls_it_back_and_audits_it ... ok
test guard::guard_tests::session::a_timed_out_statement_inside_a_postgres_transaction_leaves_the_commit_rolled_back ... ok
test guard::guard_tests::session::a_session_lost_mid_transaction_after_a_write_records_an_unknown_outcome ... ok
test rules::tests::agent_cannot_call_postgres_side_effecting_function ... ok
test rules::tests::agent_cannot_hide_ddl_in_mixed_script ... ok
test guard::guard_tests::session::rollback_and_chain_starts_a_fresh_batch ... ok
test guard::guard_tests::session::closing_after_a_failed_rollback_surfaces_and_audits_unknown_outcome ... ok
test rules::tests::agent_cannot_hide_scoped_dml_blast_radius_in_mixed_script ... ok
test rules::tests::agent_cannot_hide_unscoped_dml_in_mixed_script ... ok
test rules::tests::a_lone_transaction_statement_is_refused_and_a_whole_transaction_batch_is_not ... ok
test rules::tests::agent_denied_on_prod_write ... ok
test rules::tests::agent_cannot_terminate_postgres_session ... ok
test rules::tests::agent_unparseable_denied ... ok
test rules::tests::agent_cannot_run_or_hide_unclassified_write ... ok
test rules::tests::agent_denied_when_blast_radius_unknown ... ok
test rules::tests::connection_override_policy_is_used_directly ... ok
test rules::tests::blast_radius_limit_is_inclusive_and_unknown_estimates_are_not_allowed ... ok
test rules::tests::human_allowed_local_write ... ok
test rules::tests::human_requires_approval_when_blast_radius_unknown ... ok
test rules::tests::deny_write_policy_denies_every_agent_write_route ... ok
test rules::tests::human_unscoped_and_ddl_approval_survive_permissive_write_defaults ... ok
test rules::tests::human_scoped_dml_blast_radius_in_mixed_script_requires_approval ... ok
test rules::tests::read_only_human_cannot_approve_unparseable_sql ... ok
test rules::tests::read_only_connection_blocks_write ... ok
test rules::tests::read_only_connection_blocks_postgres_side_effecting_function ... ok
test sensitive_projection::tests::a_plain_wildcard_over_a_real_table_is_unknown ... ok
test sensitive_projection::tests::a_cte_is_unknown ... ok
test sensitive_projection::tests::an_aliased_sensitive_column_is_flagged ... ok
test sensitive_projection::tests::a_wildcard_over_a_derived_table_sees_through_to_the_inner_alias ... ok
test sensitive_projection::tests::an_unrelated_column_is_not_flagged ... ok
test sensitive_projection::tests::a_sensitive_column_wrapped_in_an_expression_is_flagged ... ok
test transaction_control::tests::each_transaction_statement_is_recognised_per_dialect ... ok
test transaction_control::tests::implicit_transaction_starters_are_dialect_aware_and_ignore_literals_and_comments ... ok
test rules::tests::shared_batches_must_not_leave_an_explicit_transaction_open ... ok

test result: ok. 171 passed; 0 failed; 0 ignored; 0 measured; 0 filtered out; finished in 0.01s

     Running unittests src/lib.rs (target/debug/deps/tablepro_release_tests-855f10291a7250f4)

running 0 tests

test result: ok. 0 passed; 0 failed; 0 ignored; 0 measured; 0 filtered out; finished in 0.00s

     Running unittests src/lib.rs (target/debug/deps/tablepro_ssh-271ae18b30cbc8c3)

running 86 tests
test known_hosts::tests::verify_or_learn_reports_io_error_when_known_hosts_path_is_a_directory ... ok
test openssh::argv::tests::control_commands_ignore_the_user_config_and_escape_percent ... ok
test openssh::argv::tests::master_argv_is_exact ... ok
test openssh::argv::tests::every_forced_option_precedes_the_destination_and_the_destination_follows_the_separator ... ok
test openssh::argv::tests::jump_hosts_render_one_minus_j ... ok
test known_hosts::tests::verify_or_learn_creates_known_hosts_on_first_use ... ok
test known_hosts::tests::verify_or_learn_trusts_recorded_key_on_repeat ... ok
test known_hosts::tests::verify_or_learn_detects_key_mismatch ... ok
test openssh::argv::tests::preferred_authentications_per_mode ... ok
test known_hosts::tests::verify_or_learn_detects_key_type_change ... ok
test openssh::argv::tests::port_and_user_only_when_set ... ok
test known_hosts::tests::a_refusing_connection_does_not_learn_an_unknown_key_but_still_trusts_a_known_one ... ok
test known_hosts::tests::a_changed_builtin_host_key_is_refused_without_prompting_or_overwriting ... ok
test known_hosts::tests::built_in_host_key_trust_is_persisted_only_after_acceptance ... ok
test openssh::argv::tests::the_password_never_reaches_the_command_line ... ok
test openssh::argv::tests::private_key_path_adds_minus_i ... ok
test openssh::askpass_bridge::tests::a_peer_from_another_uid_is_rejected_without_a_reply ... ok
test openssh::askpass_bridge::tests::a_notification_is_answered_without_asking ... ok
test openssh::askpass_bridge::tests::a_destination_without_a_user_never_answers_from_the_store ... ok
test openssh::askpass_bridge::tests::a_silent_peer_times_out ... ok
test openssh::askpass_bridge::tests::an_oversized_frame_is_rejected ... ok
test openssh::askpass_bridge::tests::a_secret_prompt_answered_with_accept_is_cancelled ... ok
test openssh::destination::tests::destination_rejects_empty_leading_dash_whitespace_control_and_port_zero ... ok
test openssh::askpass_bridge::tests::the_stored_password_answers_only_the_configured_account ... ok
test openssh::destination::tests::forward_target_brackets_ipv6_and_rejects_socket_paths_and_options ... ok
test openssh::destination::tests::jump_list_parses_user_port_and_ipv6 ... ok
test openssh::askpass_bridge::tests::host_key_prompts_always_reach_the_prompter_and_need_an_explicit_accept ... ok
test openssh::error::tests::a_missing_program_is_reported_as_a_missing_client ... ok
test openssh::forward::tests::a_free_loopback_port_is_on_loopback_and_not_zero ... ok
test openssh::askpass_bridge::tests::the_stored_password_is_used_once_then_the_prompter_is_asked ... ok
test openssh::prompt::tests::a_question_without_the_fingerprint_arm_is_not_a_host_key_prompt ... ok
test openssh::askpass_bridge::tests::the_stored_passphrase_answers_only_the_configured_key ... ok
test openssh::askpass_bridge::tests::unattended_declines_host_keys_and_records_the_declined_key ... ok
test openssh::prompt::tests::a_server_supplied_keyboard_interactive_prompt_cannot_pose_as_a_password_prompt ... ok
test openssh::askpass_bridge::tests::the_stored_password_is_never_sent_to_a_jump_host_prompt ... ok
test openssh::prompt::tests::host_key_prompts_from_openssh_10_and_9_6_read_the_same ... ok
test openssh::prompt::tests::notifications_and_confirmations_follow_the_hint ... ok
test openssh::prompt::tests::secret_prompts_are_told_apart ... ok
test openssh::prompt::tests::the_unattended_prompter_declines_everything ... ok
test openssh::runtime::tests::a_group_writable_root_is_unsafe ... ok
test openssh::runtime::tests::a_symlinked_root_is_unsafe ... ok
test openssh::runtime::tests::the_base_falls_back_to_a_private_temp_dir ... ok
test openssh::runtime::tests::a_second_acquire_gets_a_distinct_instance ... ok
test openssh::runtime::tests::the_base_lives_under_the_runtime_dir_when_it_is_set ... ok
test openssh::runtime::tests::acquire_creates_private_directories_and_holds_the_instance_lock ... ok
test openssh::session::tests::a_dropped_master_dir_is_removed_unless_kept ... ok
test openssh::stderr_classify::tests::a_declined_prompt_reports_the_declined_key ... ok
test openssh::session::tests::the_handshake_deadline_is_paused_while_prompting ... ok
test openssh::session::tests::a_control_path_too_long_for_a_socket_is_refused_before_spawning ... ok
test openssh::stderr_classify::tests::a_failed_verification_without_a_declined_prompt_is_not_reported_as_declined ... ok
test openssh::stderr_classify::tests::a_forward_failure_names_the_target ... ok
test openssh::stderr_classify::tests::auth_rejected_fixture ... ok
test openssh::session::tests::the_stderr_tail_stays_bounded_on_a_char_boundary ... ok
test openssh::stderr_classify::tests::bad_config_permissions_are_config_rejected ... ok
test openssh::stderr_classify::tests::config_rejected_option_fixture ... ok
test openssh::stderr_classify::tests::control_path_too_long_fixture ... ok
test openssh::stderr_classify::tests::host_key_changed_fixture ... ok
test openssh::stderr_classify::tests::host_key_revoked_fixture ... ok
test openssh::stderr_classify::tests::crlf_line_endings_classify_the_same ... ok
test openssh::stderr_classify::tests::host_key_unknown_strict_fixture ... ok
test openssh::stderr_classify::tests::name_resolution_fixture ... ok
test openssh::stderr_classify::tests::a_long_unknown_output_is_cut_to_its_tail_on_a_char_boundary ... ok
test openssh::stderr_classify::tests::refused_fixture ... ok
test openssh::stderr_classify::tests::timeout_fixture ... ok
test openssh::stderr_classify::tests::unknown_output_becomes_protocol_with_status ... ok
test tests::a_server_offering_only_keyboard_interactive_reports_it_is_unsupported ... ok
test tests::a_server_still_offering_password_reports_a_plain_auth_failure ... ok
test tests::check_socket_path_length_accepts_exactly_the_limit ... ok
test tests::check_socket_path_length_rejects_one_byte_over_the_limit ... ok
test tests::client_config_enables_keepalive_so_a_dead_bastion_is_eventually_detected ... ok
test tests::bind_local_rejects_a_socket_name_that_makes_the_path_too_long ... ok
test tests::map_connect_error_falls_back_to_a_generic_connect_error_without_a_recorded_outcome ... ok
test tests::empty_chain_is_rejected ... ok
test tests::local_socket_directory_fits_a_short_socket_name ... ok
test tests::map_connect_error_prefers_a_recorded_host_key_mismatch_over_the_raw_connect_error ... ok
test tests::open_is_single_hop_wrapper_shape ... ok
test tests::socket_dir_path_fits_exactly_at_the_limit ... ok
test tests::socket_dir_path_fits_rejects_one_byte_over_the_limit ... ok
test tests::ssh_auth_password_redacts_in_debug ... ok
test tests::ssh_auth_private_key_redacts_passphrase_in_debug ... ok
test tests::relay_stops_and_closes_the_local_client_when_the_remote_sends_eof ... ok
test tests::unknown_host_key_error_does_not_advise_running_ssh ... ok
test tests::relay_stops_when_the_remote_channel_is_gone ... ok
test openssh::sweep::tests::the_sweep_removes_unlocked_old_instances_and_keeps_live_and_fresh_ones ... ok
test tests::relay_stops_when_the_local_client_is_dropped_and_the_remote_closes ... ok
test tests::relay_sends_one_eof_after_the_local_client_closes_and_does_not_spin ... ok

test result: ok. 86 passed; 0 failed; 0 ignored; 0 measured; 0 filtered out; finished in 0.21s

     Running unittests src/lib.rs (target/debug/deps/tablepro_storage-e27074fe1e26fdcd)

running 180 tests
test connection_bundle::tests::a_connection_with_no_stored_credentials_contributes_nothing_to_a_bundle ... ignored, requires a running Secret Service; scripts/test-secret-service.sh provides one
test connection_bundle::tests::a_bundle_listing_one_id_twice_is_rejected_whole ... ok
test connection_bundle::tests::a_different_ssh_hop_chain_is_a_different_endpoint ... ok
test connection_bundle::tests::a_fresh_id_is_imported_unchanged ... ok
test connection_bundle::tests::a_bundle_without_a_passphrase_carries_no_credentials ... ok
test connection_bundle::tests::a_document_that_is_not_a_bundle_is_refused ... ok
test connection_bundle::tests::a_legacy_use_tls_flag_cannot_contradict_the_exported_tls_mode ... ok
test connection_bundle::tests::a_future_bundle_version_is_refused_rather_than_guessed ... ok
test connection_bundle::tests::a_local_connection_absent_from_the_bundle_is_left_alone ... ok
test connection_bundle::tests::a_plaintext_payload_carrying_credentials_is_rejected ... ok
test connection_bundle::tests::an_export_collects_every_credential_kind_for_a_connection ... ignored, requires a running Secret Service; scripts/test-secret-service.sh provides one
test connection_bundle::tests::an_import_keeps_the_local_password_until_replacement_is_asked_for ... ignored, requires a running Secret Service; scripts/test-secret-service.sh provides one
test connection_bundle::tests::an_import_keeps_an_existing_local_password_unless_replacement_is_asked_for ... ok
test connection_bundle::tests::a_socket_connection_keeps_its_directory_through_a_bundle ... ok
test connection_bundle::tests::an_in_place_update_can_raise_the_environment ... ok
test connection_bundle::tests::an_endpoint_match_ignores_host_case_and_settings ... ok
test connection_bundle::tests::an_in_place_update_can_strengthen_tls ... ok
test connection_bundle::tests::an_imported_new_connection_carries_no_last_opened_stamp ... ok
test connection_bundle::tests::an_in_place_update_cannot_clear_read_only ... ok
test connection_bundle::tests::an_in_place_update_cannot_weaken_tls ... ok
test connection_bundle::tests::an_in_place_update_cannot_lower_the_environment ... ok
test connection_bundle::tests::an_in_place_update_keeps_the_local_last_opened_stamp ... ok
test connection_bundle::tests::an_ssh_chain_deeper_than_the_cap_is_refused_on_import ... ok
test connection_bundle::tests::credentials_never_reach_a_debug_line ... ok
test audit_journal::tests::a_record_with_non_canonical_whitespace_in_its_event_json_still_verifies ... ok
test connection_bundle::tests::rolling_back_an_import_removes_only_the_credentials_it_wrote ... ignored, requires a running Secret Service; scripts/test-secret-service.sh provides one
test connection_bundle::tests::no_error_message_carries_a_secret_a_host_or_a_database_name ... ok
test connection_bundle::tests::the_bundle_classifies_every_saved_connection_field ... ok
test audit_journal::tests::detects_tamper ... ok
test connection_bundle::tests::the_same_id_on_a_different_endpoint_never_overwrites_the_local_record ... ok
test connection_bundle::tests::the_exported_record_carries_exactly_the_included_fields ... ok
test connection_bundle::tests::the_same_id_on_the_same_endpoint_updates_in_place ... ok
test connection_bundle_crypto::tests::a_memory_bomb_header_is_rejected_before_derivation ... ok
test connection_bundle::tests::the_organization_entry_travels_with_its_connection ... ok
test connection_bundle_crypto::tests::kdf_parameters_outside_the_accepted_range_are_refused ... ok
test connection_bundle_crypto::tests::the_associated_data_layout_is_length_prefixed_and_unambiguous ... ok
test audit_journal::tests::append_and_verify ... ok
test connection_color::tests::a_colour_outside_the_palette_is_rejected ... ok
test connection_color::tests::a_css_class_is_only_built_for_a_palette_entry ... ok
test connection_color::tests::a_palette_name_survives_case_and_padding ... ok
test connection_color::tests::every_palette_entry_has_a_css_class ... ok
test connection_color::tests::palette_names_are_lowercase_ascii ... ok
test connection_color::tests::the_palette_has_no_duplicates ... ok
test connection_organization::tests::a_bare_filter_term_matches_name_group_tag_or_driver ... ok
test connection_organization::tests::a_colour_outside_the_palette_is_not_stored ... ok
test connection_organization::tests::a_connection_belongs_to_at_most_one_group ... ok
test connection_bundle::tests::a_bundle_over_the_size_limit_is_refused_before_parsing ... ok
test connection_organization::tests::a_colour_outside_the_palette_on_disk_reads_as_no_colour ... ok
test connection_organization::tests::a_colour_tag_round_trips_through_the_sidecar ... ok
test connection_organization::tests::a_file_written_by_this_version_still_loads ... ok
test connection_organization::tests::a_hostile_file_is_sanitized_rather_than_trusted ... ok
test connection_organization::tests::a_palette_colour_is_stored_normalised ... ok
test connection_organization::tests::arranging_applies_the_filter ... ok
test connection_organization::tests::arranging_puts_favorites_first_then_groups_then_ungrouped ... ok
test connection_organization::tests::a_field_written_by_a_newer_version_survives_a_rewrite ... ok
test connection_organization::tests::clearing_every_field_drops_the_entry_instead_of_storing_a_blank ... ok
test connection_organization::tests::a_malformed_organization_file_survives_a_write ... ok
test connection_organization::tests::an_unsupported_version_is_refused ... ok
test connection_organization::tests::deleting_a_connection_prunes_its_organization_entry ... ok
test connection_organization::tests::groups_and_tags_are_listed_once_each_case_insensitively ... ok
test connection_organization::tests::is_favorite_keeps_only_favorites_and_an_empty_filter_keeps_everything ... ok
test connection_organization::tests::load_returns_an_empty_index_when_the_file_is_missing ... ok
test connection_organization::tests::multiple_terms_narrow_instead_of_widening ... ok
test connection_organization::tests::oversized_labels_and_tag_counts_are_refused ... ok
test connection_organization::tests::qualified_filter_terms_narrow_to_one_field ... ok
test connection_organization::tests::tags_are_trimmed_deduplicated_and_sorted ... ok
test connection_organization::tests::the_favorite_flag_toggles_without_touching_group_or_tags ... ok
test connection_organization::tests::concurrent_stale_indexes_merge_distinct_records ... ok
test connection_organization::tests::concurrent_indexes_merge_a_colour_against_a_group ... ok
test connection_organization::tests::concurrent_stale_indexes_merge_distinct_fields_on_one_record ... ok
test connection_url::tests::a_bracketed_ipv6_host_keeps_its_address ... ok
test connection_url::tests::a_password_is_kept_out_of_the_saved_record ... ok
test connection_url::tests::a_postgres_url_becomes_a_saved_connection ... ok
test connection_url::tests::a_query_string_never_becomes_the_database_name ... ok
test connection_url::tests::a_semicolon_or_quote_in_the_host_cannot_reach_a_saved_record ... ok
test connection_url::tests::an_omitted_port_falls_back_to_the_scheme_default ... ok
test connection_url::tests::an_over_long_url_is_refused_before_decoding ... ok
test connection_url::tests::imported_urls_default_to_a_local_read_write_password_connection ... ok
test connection_url::tests::hostile_and_malformed_urls_are_refused ... ok
test connection_url::tests::percent_escapes_are_decoded_in_credentials_and_database ... ok
test connections::tests::a_certificate_authority_path_round_trips ... ok
test connections::tests::a_duplicate_gets_a_fresh_id_and_a_distinct_name ... ok
test connections::tests::a_duplicate_keeps_the_recorded_open_time_off_the_copy ... ok
test connections::tests::a_file_without_a_certificate_authority_still_loads ... ok
test connection_organization::tests::the_index_caps_how_many_connections_it_organizes ... ok
test connections::tests::a_file_holding_an_over_deep_ssh_chain_is_refused_on_load ... ok
test connections::tests::a_field_written_by_a_newer_version_survives_a_rewrite ... ok
test connections::tests::a_malformed_previous_file_is_preserved_and_blocks_a_save ... ok
test connections::tests::a_saved_file_is_readable_only_by_its_owner ... ok
test connections::tests::a_file_written_by_this_version_still_loads_unchanged ... ok
test connections::tests::a_shared_temporary_path_does_not_block_a_save ... ok
test connections::tests::a_truncated_file_is_refused_instead_of_loading_as_empty ... ok
test connections::tests::a_second_duplicate_does_not_reuse_the_first_copy_name ... ok
test connections::tests::an_ssh_chain_past_the_hop_cap_is_refused ... ok
test connections::tests::an_import_never_removes_a_connection_the_bundle_omits ... ok
test connections::tests::an_ssh_chain_at_the_hop_cap_is_accepted ... ok
test connections::tests::auth_mode_defaults_to_password_for_legacy_connections ... ok
test connections::tests::an_import_plan_lands_as_one_rewrite ... ok
test connections::tests::clearing_an_optional_field_is_not_undone_by_field_preservation ... ok
test connections::tests::kerberos_auth_mode_round_trips ... ok
test connections::tests::duplicating_an_unknown_id_is_an_error_and_writes_nothing ... ok
test connections::tests::legacy_use_tls_true_maps_to_verify_full ... ok
test connections::tests::load_accepts_legacy_files_without_ssh_field ... ok
test connections::tests::concurrent_deletions_do_not_restore_another_deleted_connection ... ok
test connections::tests::load_accepts_legacy_ssh_without_jump ... ok
test connections::tests::load_rejects_a_file_over_the_size_limit ... ok
test connections::tests::load_returns_empty_when_file_missing ... ok
test connections::tests::load_rejects_unknown_version ... ok
test connections::tests::local_sqlite_and_duckdb_records_do_not_store_password_fields ... ok
test connection_organization::tests::a_file_over_the_connection_ceiling_is_refused ... ok
test connections::tests::per_connection_timeouts_round_trip_and_are_absent_by_default ... ok
test connections::tests::load_rejects_oversized_connection_values ... ok
test connections::tests::postgres_socket_directory_round_trips_without_a_version_bump ... ok
test connections::tests::rewriting_an_existing_file_keeps_it_private ... ok
test connections::tests::save_creates_parent_directory ... ok
test connections::tests::save_then_load_round_trips ... ok
test connections::tests::rolling_back_an_updated_connection_restores_its_previous_record ... ok
test connections::tests::ssh_config_round_trips ... ok
test connections::tests::the_agent_flag_is_written_only_when_set_so_older_builds_still_read_the_file ... ok
test favorites::tests::a_favorite_needs_a_name_and_a_statement ... ok
test connections::tests::the_known_field_list_covers_every_serialized_key ... ok
test favorites::tests::a_missing_file_loads_as_empty ... ok
test connections::tests::ssh_jump_chain_round_trips ... ok
test favorites::tests::a_malformed_file_is_preserved_and_blocks_a_save ... ok
test favorites::tests::an_unsupported_version_is_rejected ... ok
test favorites::tests::filtering_matches_name_and_statement_case_insensitively ... ok
test favorites::tests::ranking_puts_recently_used_first_then_sorts_by_name ... ok
test favorites::tests::favorites_are_capped ... ok
test favorites::tests::saving_the_same_id_updates_in_place ... ok
test favorites::tests::saving_the_same_name_replaces_the_statement_and_keeps_the_id ... ok
test favorites::tests::favorites_round_trip_through_a_file ... ok
test file_access::tests::subprocess_holds_path_lock ... ignored, helper process spawned by other tests through --exact --ignored, not a standalone test
test paths::tests::profile_paths_and_secrets_share_an_identity ... ok
test favorites::tests::unknown_file_and_favorite_fields_survive_an_update ... ok
test query_history::tests::a_database_written_before_versioning_is_stamped_with_the_current_version ... ok
test query_history::tests::a_fresh_history_db_is_created_private ... ok
test query_history::tests::a_failed_history_migration_rolls_back_its_schema_and_version_change ... ok
test query_history::tests::a_version_from_a_newer_build_is_left_alone ... ok
test query_history::tests::a_source_filter_keeps_only_the_entries_that_came_from_it ... ok
test query_history::tests::an_unknown_stored_source_reads_as_editor_rather_than_failing ... ok
test query_history::tests::csv_escaping ... ok
test query_history::tests::an_older_database_gains_the_source_column_and_reads_as_editor ... ok
test connections::tests::load_rejects_excessive_connection_entries ... ok
test query_history::tests::outcome_summary_reports_an_error_outcome ... ok
test query_history::tests::outcome_summary_reports_cancelled_before_checking_success ... ok
test query_history::tests::outcome_summary_reports_duration_only_when_rows_are_unknown ... ok
test query_history::tests::outcome_summary_reports_plain_ok_when_neither_is_known ... ok
test query_history::tests::outcome_summary_reports_rows_and_duration_when_both_are_known ... ok
test query_history::tests::outcome_summary_reports_rows_only_when_duration_is_unknown ... ok
test query_history::tests::full_text_search_still_finds_an_entry_written_before_the_upgrade ... ok
test query_history::tests::rejects_query_over_limit ... ok
test query_history::tests::restrict_permissions_tightens_the_database_and_its_wal_and_shm_siblings ... ok
test query_history::tests::reopening_an_up_to_date_database_applies_nothing_further ... ok
test query_history::tests::stores_keep_independent_pools ... ok
test query_history::tests::opening_a_legacy_history_file_migrates_it_and_reopening_keeps_its_data ... ok
test secrets::tests::a_missing_secret_service_is_recognised_from_the_dbus_error_text ... ok
test secrets::tests::attrs_distinguish_kinds ... ok
test secrets::tests::attrs_for_includes_uuid_in_canonical_lowercase_hyphenated_form ... ok
test secrets::tests::attrs_include_schema_connection_id_and_kind ... ok
test secrets::tests::invalid_utf8_secret_produces_schema_error_with_descriptive_prefix ... ok
test secrets::tests::keyring_failures_are_told_apart ... ok
test secrets::tests::kind_constants_are_distinct_and_non_empty ... ok
test secrets::tests::map_err_keeps_the_underlying_message_for_an_unclassified_failure ... ok
test secrets::tests::round_trip_via_secret_service ... ignored, requires a running Secret Service; scripts/test-secret-service.sh provides one
test secrets::tests::schema_constant_uses_reverse_dns ... ok
test query_history::tests::upgrading_an_older_database_keeps_the_entries_it_already_holds ... ok
test query_history::tests::upgrading_a_history_file_keeps_a_private_pre_migration_snapshot ... ok
test file_access::tests::separate_processes_serialize_on_the_same_storage_path ... ok
test connections::tests::oversized_serialization_does_not_replace_the_existing_file ... ok
test connection_bundle_crypto::tests::downgrading_the_kdf_header_cannot_produce_a_cheap_bundle ... ok
test connection_bundle::tests::a_memory_bomb_kdf_header_is_refused_at_parse_time ... ok
test connection_bundle_crypto::tests::an_empty_passphrase_is_refused_on_both_paths ... ok
test connection_bundle_crypto::tests::the_export_parameters_are_memory_hard ... ok
test connection_bundle_crypto::tests::a_sealed_body_opens_with_the_same_passphrase ... ok
test connection_bundle::tests::no_bundle_shape_has_a_field_for_an_mcp_token ... ok
test connection_bundle::tests::an_encrypted_bundle_round_trips_its_credentials ... ok
test connection_bundle_crypto::tests::rewriting_the_envelope_invalidates_the_tag ... ok
test connection_bundle_crypto::tests::every_seal_uses_a_fresh_salt_and_nonce ... ok
test connection_bundle::tests::a_wrong_passphrase_and_a_changed_file_report_the_same_failure ... ok
test connection_bundle_crypto::tests::a_wrong_passphrase_and_a_tampered_body_fail_the_same_way ... ok

test result: ok. 174 passed; 0 failed; 6 ignored; 0 measured; 0 filtered out; finished in 17.09s

     Running unittests src/lib.rs (target/debug/deps/tablepro_transport-25bc17b565455b39)

running 26 tests
test route::tests::a_program_is_found_only_in_absolute_path_entries_and_only_when_executable ... ok
test session_material::tests::length_prefix_avoids_tag_ambiguity ... ok
test session_material::tests::password_bytes_change_the_digest ... ok
test session_material::tests::missing_ssh_key_file_fails_closed ... ok
test session_material::tests::missing_tls_ca_file_fails_closed ... ok
test session_material::tests::jump_hop_password_auth_fails_closed ... ok
test session_material::tests::the_material_file_limit_is_one_mebibyte ... ok
test session_material::tests::rotating_ssh_key_bytes_changes_the_digest ... ok
test session_material::tests::sqlite_digest_is_stable_without_secret_service ... ok
test session_material::tests::rotating_tls_ca_bytes_changes_the_digest ... ok
test tests::a_saved_connect_timeout_replaces_the_default_and_zero_keeps_it ... ok
test tests::a_jump_hop_cannot_use_password_auth ... ok
test tests::a_multi_hop_key_only_chain_still_resolves ... ok
test tests::hop_zero_password_auth_still_works ... ignored, requires a running Secret Service; scripts/test-secret-service.sh provides one
test tests::kerberos_requires_driver_support ... ok
test tests::socket_forwarding_applies_only_when_the_mode_verifies_certificates ... ok
test tests::establish_never_reuses_a_socket_directory_from_an_earlier_attempt ... ok
test tests::local_socket_validation_is_fail_closed ... ok
test tests::socket_forwarding_keeps_the_service_hostname_for_tls ... ok
test tests::tcp_forwarding_clears_any_earlier_socket_directory ... ok
test tests::tunnel_uses_local_dial_endpoint_and_keeps_service_identity ... ok
test session_material::tests::oversized_material_file_fails_closed ... ok
test tests::database_connection_attempt_is_bounded ... ok
test session_material::tests::hop_zero_password_auth_is_not_refused_by_the_jump_guard ... ok
test session_material::tests::material_file_exactly_at_the_limit_is_accepted ... ok
test route::tests::cancelling_while_open_openssh_is_connecting_stops_the_master_and_removes_its_directory ... ok

test result: ok. 25 passed; 0 failed; 1 ignored; 0 measured; 0 filtered out; finished in 0.30s

==> sandbox integration tier
==> sandbox tier: cargo test --tests
   Compiling tablepro-driver-sqlite v0.1.0 (/home/trung/Projects/tablepro/linux/crates/drivers/sqlite)
    Finished `test` profile [unoptimized + debuginfo] target(s) in 0.78s
     Running unittests src/lib.rs (target/debug/deps/tablepro_agentd-6671e9c978ccf833)

running 14 tests
test session_tests::session_forwards_catalog_listing_errors_and_controlled_dispatch ... ok
test session_tests::session_preserves_controlled_constraint_metadata ... ok
test session_tests::session_preserves_views_errors_and_controlled_dispatch ... ok
test tests::the_agent_never_adds_an_unknown_ssh_host_key ... ok
test tests::session_key_changes_when_saved_transport_changes ... ok
test tests::session_key_changes_when_material_changes ... ok
test tests::session_key_ignores_policy_only_changes ... ok
test tests::a_material_lookup_failure_does_not_reuse_a_healthy_cached_connection ... ok
test tests::a_material_lookup_failure_after_connect_discards_the_new_connection ... ok
test tests::retired_session_drops_after_final_issued_reference ... ok
test tests::cached_session_is_dropped_when_material_changes ... ok
test tests::a_key_material_rotation_during_connect_is_not_cached_under_the_stale_digest ... ok
test tests::a_healthy_cached_connection_is_reused_when_material_is_verified ... ok
test tests::cached_ping_is_bounded ... ok

test result: ok. 14 passed; 0 failed; 0 ignored; 0 measured; 0 filtered out; finished in 0.00s

     Running unittests src/main.rs (target/debug/deps/tablepro_agentd-4def49ac01b24365)

running 7 tests
test tests::a_token_file_is_written_owner_only ... ok
test tests::sanitize_for_terminal_leaves_ordinary_sql_untouched ... ok
test tests::sanitize_for_terminal_strips_ansi_escapes_and_carriage_returns ... ok
test tests::token_connections_require_at_least_one_saved_connection ... ok
test tests::an_issued_token_is_read_only_unless_asked_otherwise ... ok
test tests::the_daemon_exposes_no_network_bind_option ... ok
test tests::an_unanswered_prompt_is_denied_after_the_timeout_instead_of_hanging_forever ... ok

test result: ok. 7 passed; 0 failed; 0 ignored; 0 measured; 0 filtered out; finished in 0.30s

     Running tests/saved_transport.rs (target/debug/deps/saved_transport-9ab616656175a435)

running 3 tests
test a_saved_ssh_hop_is_used_instead_of_dialling_the_database_directly ... ignored, requires a running Secret Service; scripts/test-secret-service.sh provides one
test different_session_ids_can_connect_in_parallel ... ok
test concurrent_requests_share_one_session_creation ... ok

test result: ok. 2 passed; 0 failed; 1 ignored; 0 measured; 0 filtered out; finished in 0.06s

     Running tests/socket_local.rs (target/debug/deps/socket_local-83ed2dcf08b03201)

running 1 test
test saved_socket_is_available_through_the_agent_provider ... ignored, requires scripts/test-postgres-socket.sh

test result: ok. 0 passed; 0 failed; 1 ignored; 0 measured; 0 filtered out; finished in 0.00s

     Running unittests src/lib.rs (target/debug/deps/tablepro_core-2b94cb5d4dca34bb)

running 508 tests
test activity::tests::an_engine_without_activity_views_is_distinct_from_a_missing_query ... ok
test activity::tests::every_declared_kind_has_a_template_and_no_undeclared_kind_does ... ok
test activity::tests::kill_requires_positive_id ... ok
test activity::tests::postgres_sessions_sql ... ok
test catalog::tests::every_kind_parses_from_its_own_name_and_nothing_else_does ... ok
test activity::tests::session_id_accepts_only_positive_integers ... ok
test connection::tests::service_address_uses_dial_endpoint_for_direct_connections ... ok
test connection::tests::service_address_preserves_service_identity_through_tunnels ... ok
test connection::tests::transport_presents_service_identity_over_a_forwarded_socket ... ok
test connection::controlled_default_tests::a_driver_declares_no_server_cancellation_by_default ... ok
test connection::tests::transport_uses_the_dial_address_without_socket_forwarding ... ok
test connection::controlled_default_tests::a_cancelled_control_stops_every_metadata_read_before_dispatch ... ok
test connection::controlled_default_tests::an_expired_deadline_stops_every_metadata_read_before_dispatch ... ok
test driver::tests::a_driver_that_declares_nothing_claims_no_structure_metadata ... ok
test connection::controlled_default_tests::a_deadline_reached_mid_flight_reports_an_unknown_outcome ... ok
test connection::tests::transport_uses_a_distinct_local_socket_origin ... ok
test driver::tests::the_first_sorted_driver_supplies_the_connection_form ... ok
test export::atomic_write_tests::a_completed_write_lands_at_the_destination_and_leaves_no_leftovers ... ok
test export::atomic_write_tests::a_failed_export_preserves_an_existing_destination ... ok
test export::atomic_write_tests::a_failed_write_leaves_neither_the_destination_nor_a_temporary_file ... ok
test export::atomic_write_tests::a_second_export_replaces_the_first_without_a_partial_state ... ok
test export::atomic_write_tests::export_staging_stays_on_the_destination_filesystem ... ok
test export::atomic_write_tests::an_existing_temporary_symlink_cannot_redirect_an_export ... ok
test export::csv::tests::csv_header_and_row ... ok
test export::csv::tests::csv_decimal_comma_only_rewrites_signed_plain_decimals ... ok
test export::atomic_write_tests::the_destination_never_exists_while_the_export_is_still_being_written ... ok
test export::csv::tests::csv_null_marker_skips_values_already_in_the_result ... ok
test export::csv::tests::csv_if_needed_quotes_each_structural_and_sanitization_trigger ... ok
test export::atomic_write_tests::overlapping_exports_publish_complete_independent_files ... ok
test export::csv::tests::csv_writer_uses_explicit_null_marker_without_changing_empty_text ... ok
test export::csv::tests::csv_renderer_applies_export_options_without_losing_cell_content ... ok
test export::csv::tests::rfc4180_csv_header_keeps_formula_like_column_names_unchanged ... ok
test export::csv::tests::the_plain_csv_writers_keep_formula_text_and_render_null_as_an_empty_field ... ok
test export::csv::tests::tsv_renderer_quotes_structural_characters_and_represents_nulls ... ok
test export::csv::tests::value_contract_csv_keeps_empty_text_distinct_from_null ... ok
test export::csv::tests::value_contract_csv_round_trip_preserves_negative_zero_bits ... ok
test export::csv::tests::value_contract_csv_round_trip_preserves_decimal_trailing_zeroes ... ok
test export::csv::tests::value_contract_csv_round_trip_keeps_nonfinite_floats_distinct_from_null ... ok
test export::csv::tests::value_contract_csv_round_trip_preserves_signed_integer_boundaries ... ok
test export::csv::tests::value_contract_csv_round_trip_preserves_largest_finite_float_bits ... ok
test export::file::stream_tests::value_contract_streamed_csv_matches_renderer_with_and_without_header ... ok
test export::file::tests::a_sql_export_with_undecodable_data_preserves_the_existing_destination ... ok
test export::csv::tests::value_contract_csv_round_trip_preserves_smallest_subnormal_bits ... ok
test export::file::stream_tests::value_contract_text_exports_retry_interruptions_and_complete_short_writes ... ok
test export::file::tests::a_sql_export_without_a_table_is_refused_before_the_destination_is_touched ... ok
test export::file::tests::a_sql_export_names_the_table_the_rows_came_from ... ok
test export::file::tests::a_streamed_html_file_is_a_complete_document ... ok
test export::csv::tests::value_contract_csv_round_trip_preserves_timestamptz_nanoseconds ... ok
test export::file::tests::a_streamed_markdown_file_matches_the_clipboard_renderer ... ok
test export::file::tests::a_streamed_xml_file_declares_its_encoding_and_closes_its_root ... ok
test export::file::tests::every_format_stops_at_the_first_cancelled_row_without_touching_the_destination ... ok
test export::file::tests::value_contract_html_nul_text_preserves_destination_and_reports_coordinates ... ok
test export::file::tests::file_and_clipboard_agree_and_cancellation_preserves_destination ... ok
test export::html::tests::a_cell_cannot_inject_markup_into_the_exported_page ... ok
test export::file::tests::safe_csv_preserves_numbers_and_raw_mode_preserves_text ... ok
test export::html::tests::value_contract_html_preserves_carriage_returns_through_parser_normalization ... ok
test export::file::tests::value_contract_workbook_empty_text_is_refused_without_losing_destination ... ok
test export::html::tests::an_ampersand_is_escaped_once_and_a_null_cell_is_marked ... ok
test export::in_clause::tests::in_clause_renderer_quotes_values_and_reports_unusable_values ... ok
test export::file::tests::value_contract_workbook_mid_export_cancellation_preserves_destination ... ok
test export::in_clause::tests::in_clause_uses_dialect_escaping_and_preserves_fractional_time ... ok
test export::json::tests::json_renderer_keeps_value_types_duplicate_columns_and_missing_cells ... ok
test export::json::tests::value_contract_clickhouse_wide_integers_remain_exact_json_strings ... ok
test export::json::tests::value_contract_json_keeps_negative_zero_distinct_from_positive_zero_and_null ... ok
test export::file::tests::value_contract_xml_illegal_text_preserves_destination_and_reports_coordinates ... ok
test export::json::tests::value_contract_json_keeps_null_and_booleans_distinct_from_text ... ok
test export::json::tests::value_contract_nonfinite_numbers_remain_distinct_from_sql_null ... ok
test export::json::tests::value_contract_single_row_json_export_preserves_value_types ... ok
test export::markdown::tests::markdown_renderer_distinguishes_text_null_from_sql_null ... ok
test export::markdown::tests::markdown_renderer_quotes_text_and_escapes_table_and_inline_markup ... ok
test export::sql::tests::a_driver_without_sql_literals_is_refused_instead_of_writing_a_wrong_statement ... ok
test export::sql::tests::a_value_and_a_column_name_cannot_close_the_statement_they_sit_in ... ok
test export::csv::tests::value_contract_csv_binary_round_trip_preserves_null_empty_and_every_byte ... ok
test export::sql::tests::one_insert_is_written_for_each_row_and_the_table_is_qualified_and_quoted ... ok
test export::tests::value_to_text_preserves_non_json_value_representations ... ok
test export::tests::an_undecodable_value_renders_as_a_visible_marker_not_an_empty_null ... ok
test export::xlsx::tests::a_result_at_the_sheet_limit_is_accepted ... ok
test export::xlsx::tests::a_result_over_the_sheet_limit_is_refused_with_the_limit_in_the_message ... ok
test export::file::tests::an_excel_export_publishes_a_complete_workbook ... ok
test export::xlsx::tests::value_contract_workbook_keeps_excel_safe_floats_numeric ... ok
test export::xlsx::tests::value_contract_workbook_float_specials_stay_distinct_from_null ... ok
test export::xlsx::tests::value_contract_workbook_rejects_invalid_cell_coordinates_without_overflow ... ok
test export::xlsx::tests::value_contract_workbook_keeps_text_null_labels_as_strings_and_sql_null_blank ... ok
test export::xml::tests::a_cell_cannot_close_its_element_or_open_another ... ok
test export::xml::tests::a_column_name_that_is_not_a_valid_element_name_is_sanitised ... ok
test export::xlsx::tests::value_contract_workbook_keeps_small_integers_numeric ... ok
test export::xml::tests::a_null_cell_is_distinguishable_from_an_empty_string ... ok
test export::xlsx::tests::value_contract_workbook_preserves_nested_extended_json_as_exact_text ... ok
test export::xml::tests::an_illegal_character_is_refused_instead_of_replaced ... ok
test export::xml::tests::a_sanitised_column_name_is_used_for_every_row_element ... ok
test export::xml::tests::value_contract_xml_keeps_legal_unicode_boundaries_and_empty_text ... ok
test export::xml::tests::value_contract_xml_preserves_carriage_returns_and_literal_entity_text ... ok
test filter::tests::a_null_cell_filters_with_is_null_and_unfilterable_cells_offer_nothing ... ok
test filter::tests::between_rejects_empty_bound ... ok
test filter::tests::an_equality_rule_parses_back_to_the_value_it_was_built_from ... ok
test filter::tests::between_uses_two_placeholders ... ok
test filter::tests::bytes_column_rejected ... ok
test filter::tests::contains_escapes_user_wildcards ... ok
test filter::tests::contains_wraps_with_percent_signs ... ok
test filter::tests::decimal_preservation_rejects_a_filter_that_would_round ... ok
test filter::tests::empty_set_returns_none ... ok
test filter::tests::ends_with_pattern ... ok
test filter::tests::extra_sql_alone_emits_wrapped_fragment ... ok
test filter::tests::extra_sql_blank_is_treated_as_none ... ok
test filter::tests::duckdb_temporal_filters_refuse_values_the_column_would_truncate ... ok
test filter::tests::extra_sql_combines_with_structured_rules ... ok
test filter::tests::extra_sql_or_combinator ... ok
test filter::tests::filter_set_default_combinator_is_and ... ok
test filter::tests::filter_set_is_empty_considers_extra_sql ... ok
test filter::tests::ilike_falls_back_to_like_on_mysql ... ok
test filter::tests::filter_set_serde_round_trips ... ok
test filter::tests::ilike_keeps_postgres_native_keyword ... ok
test filter::tests::in_emits_placeholder_per_element ... ok
test filter::tests::in_with_empty_list_rejected ... ok
test filter::tests::invalid_int_input_errors ... ok
test filter::tests::is_null_emits_no_placeholder ... ok
test filter::tests::json_column_takes_text_as_is ... ok
test filter::tests::missing_value_for_eq_errors ... ok
test filter::tests::multi_rule_wraps_in_parens ... ok
test filter::tests::mysql_uses_question_marks_and_backticks ... ok
test filter::tests::narrowing_replaces_the_column_rule_and_keeps_the_others ... ok
test filter::tests::not_in_emits_correct_keyword ... ok
test export::xlsx::tests::a_workbook_is_written_as_a_zip_container_with_one_sheet ... ok
test filter::tests::or_combinator_swaps_joiner ... ok
test filter::tests::parses_bool_yes_no ... ok
test filter::tests::parses_rfc3339_timestamptz ... ok
test filter::tests::parses_uuid_value ... ok
test filter::tests::placeholder_indices_continue_across_rules ... ok
test filter::tests::single_eq_no_parens ... ok
test filter::tests::postgres_enum_filters_cast_values_to_the_schema_qualified_type ... ok
test filter::tests::sqlite_uses_question_marks_and_double_quotes ... ok
test filter::tests::starts_with_pattern ... ok
test filter::tests::unknown_column_errors_with_name ... ok
test filter::tests::postgres_pattern_search_casts_values_but_typed_comparisons_do_not ... ok
test import::cell::tests::a_field_that_does_not_fit_its_column_names_the_failure_without_its_contents ... ok
test import::cell::tests::a_catalog_type_name_reads_as_the_value_shape_it_stores ... ok
test import::cell::tests::a_mapped_field_is_parsed_into_the_columns_type ... ok
test import::cell::tests::a_row_error_names_the_line_and_column_and_carries_no_cell_text ... ok
test import::cell::tests::a_null_marker_the_user_set_is_null_even_for_text ... ok
test import::cell::tests::an_empty_field_is_null_for_a_column_that_is_not_text ... ok
test import::cell::tests::an_empty_field_stays_an_empty_string_for_a_text_column ... ok
test import::cell::tests::an_unknown_type_is_read_as_text_rather_than_refused ... ok
test import::cell::tests::an_unmapped_column_becomes_null_so_the_server_default_applies ... ok
test import::cell::tests::binary_takes_hexadecimal_with_or_without_the_engine_prefix ... ok
test filter::tests::value_contract_parser_preserves_boundaries_and_rejects_rounding ... ok
test import::cell::tests::booleans_read_the_spellings_the_engines_export ... ok
test import::cell::tests::clickhouse_wide_integer_csv_cells_remain_exact_text ... ok
test import::cell::tests::declared_decimal_scale_can_equal_precision_when_all_digits_are_fractional ... ok
test import::cell::tests::duckdb_interval_restores_only_formula_marked_canonical_text ... ok
test import::cell::tests::formula_marker_is_removed_from_negative_decimal_cells_only_for_decimal_columns ... ok
test import::cell::tests::formula_marker_is_removed_only_from_valid_signed_wide_integer_cells ... ok
test import::cell::tests::formula_safe_wide_decimal_import_removes_only_its_marker ... ok
test import::cell::tests::postgres_array_csv_cells_remain_text_instead_of_being_parsed_as_scalars ... ok
test import::cell::tests::sqlite_numeric_affinity_text_fallback_does_not_apply_to_other_drivers ... ok
test import::cell::tests::the_temporal_types_parse_the_forms_an_export_writes ... ok
test import::cell::tests::value_contract_formula_safe_decimal_import_rejects_excess_precision ... ok
test import::cell::tests::value_contract_mssql_datetimeoffset_csv_cells_preserve_the_original_offset_and_scale ... ok
test import::cell::tests::value_contract_duckdb_csv_preserves_extended_calendar_values_exactly ... ok
test import::cell::tests::value_contract_postgres_csv_restores_chrono_year_zero_as_bc_era_text ... ok
test export::file::stream_tests::value_contract_every_export_propagates_destination_write_failure ... ok
test export::xlsx::tests::value_contract_workbook_keeps_excel_precision_risk_floats_as_text ... ok
test import::cell::tests::value_contract_postgres_temporal_sentinels_restore_only_recognized_csv_formula_markers ... ok
test import::cell::tests::value_contract_wide_decimal_csv_cells_remain_exact_text_when_decimal_cannot_hold_them ... ok
test import::cell::tests::wide_decimal_text_fallback_refuses_values_outside_declared_precision_and_scale ... ok
test import::cell::tests::wide_decimal_text_fallback_rejects_malformed_numeric_tokens ... ok
test import::cell::tests::value_contract_parser_preserves_boundaries_and_rejects_rounding ... ok
test import::csv_import::tests::a_byte_order_mark_is_not_part_of_the_first_column_name ... ok
test import::cell::tests::value_contract_wide_integer_decimal_csv_cells_use_declared_precision_for_text_fallback ... ok
test import::csv_import::tests::a_doubled_quote_inside_a_quoted_field_is_one_quote ... ok
test import::csv_import::tests::a_file_that_is_not_utf8_says_where_it_stops_being_text ... ok
test import::csv_import::tests::a_file_that_fits_the_limit_is_not_called_truncated ... ok
test import::csv_import::tests::a_file_with_no_header_gets_names_from_the_positions ... ok
test import::csv_import::tests::a_header_row_names_the_fields ... ok
test import::csv_import::tests::a_long_row_keeps_the_fields_the_header_did_not_name ... ok
test import::csv_import::tests::a_comma_file_is_detected_as_comma_delimited ... ok
test import::csv_import::tests::a_mapping_matches_on_name_whatever_the_case_or_spacing ... ok
test export::xlsx::tests::value_contract_workbook_preserves_wide_integers_and_exact_decimals_as_text ... ok
test import::csv_import::tests::a_preview_stops_at_the_limit_and_says_so ... ok
test import::csv_import::tests::a_file_whose_first_row_is_data_is_not_read_as_having_a_header ... ok
test import::csv_import::tests::a_quoted_field_keeps_its_delimiters_and_newlines ... ok
test import::csv_import::tests::a_short_row_is_padded_rather_than_refused ... ok
test import::csv_import::tests::csv_format_conversion_preserves_delimiter_and_header_choice ... ok
test import::csv_import::tests::an_empty_file_has_no_columns ... ok
test import::csv_import::tests::carriage_returns_do_not_survive_into_the_last_field ... ok
test import::csv_import::tests::a_semicolon_file_is_detected_as_semicolon_delimited ... ok
test import::csv_import::tests::file_size_limit_accepts_exact_boundary_and_refuses_one_byte_more ... ok
test import::csv_import::tests::a_single_column_file_falls_back_to_the_comma ... ok
test import::csv_import::tests::public_import_limits_keep_their_documented_units ... ok
test import::csv_import::tests::a_tab_file_is_detected_as_tab_delimited ... ok
test import::csv_import::tests::more_columns_than_the_limit_are_refused ... ok
test import::csv_import::tests::read_csv_file_refuses_oversized_sparse_files_from_metadata ... ok
test import::infer::tests::a_field_of_ones_and_zeroes_is_a_number_not_a_boolean ... ok
test import::infer::tests::a_field_whose_every_value_is_a_whole_number_is_an_integer ... ok
test import::csv_import::tests::read_csv_file_observes_delimiter_header_and_preview_options ... ok
test import::infer::tests::a_header_longer_than_the_identifier_limit_is_cut_to_it ... ok
test import::infer::tests::a_header_that_is_not_a_usable_name_gets_a_positional_one ... ok
test import::infer::tests::an_empty_field_is_text_rather_than_a_guess_from_nothing ... ok
test import::infer::tests::an_inferred_column_never_constrains_what_the_file_can_hold ... ok
test import::infer::tests::blank_and_null_marker_cells_do_not_widen_numeric_inference ... ok
test import::infer::tests::every_engine_gets_a_type_name_it_parses ... ok
test import::csv_import::tests::the_maximum_column_count_is_accepted ... ok
test import::infer::tests::one_value_that_does_not_fit_widens_the_whole_column_to_text ... ok
test import::infer::tests::repeated_headers_at_the_identifier_limit_keep_a_unique_suffix ... ok
test import::infer::tests::only_the_sample_is_read_so_a_long_file_still_opens_at_once ... ok
test import::infer::tests::repeated_headers_do_not_produce_two_columns_with_one_name ... ok
test import::infer::tests::sqlite_import_types_preserve_storage_affinity_for_numeric_and_binary_kinds ... ok
test import::infer::tests::the_narrowest_kind_that_fits_every_value_wins ... ok
test import::plan::tests::a_column_the_engine_fills_itself_is_never_written ... ok
test import::plan::tests::a_file_with_nothing_mapped_or_nothing_in_it_is_refused ... ok
test import::plan::tests::a_mapped_column_with_a_server_default_stays_in_the_statement_for_every_row ... ok
test import::plan::tests::an_identifier_that_carries_a_quote_is_escaped_rather_than_closed ... ok
test import::plan::tests::an_identifier_that_is_empty_or_carries_a_control_character_is_refused ... ok
test import::plan::tests::an_unmapped_column_is_left_out_so_its_own_default_applies ... ok
test import::plan::tests::every_row_binds_to_the_same_statement ... ok
test import::plan::tests::numeric_affinity_text_fallback_is_sqlite_only ... ok
test import::plan::tests::postgres_enum_import_plan_uses_catalog_type_for_text_rows ... ok
test import::plan::tests::only_the_first_failures_are_listed_and_the_rest_are_counted ... ok
test import::plan::tests::postgres_enum_import_requires_a_null_marker_for_empty_fields ... ok
test import::plan::tests::rows_that_cannot_be_read_stop_the_plan_and_are_reported_without_their_contents ... ok
test import::plan::tests::the_batches_a_plan_offers_are_bounded_and_cover_every_row ... ok
test import::plan::tests::value_contract_postgres_array_csv_insert_uses_allowlisted_native_cast ... ok
test numeric_input::tests::value_contract_float_input_distinguishes_zero_subnormal_and_explicit_infinity ... ok
test import::plan::tests::value_contract_postgres_wide_numeric_csv_rows_share_text_cast_parameters ... ok
test import::plan::tests::value_contract_postgres_temporal_csv_rows_share_text_cast_parameters ... ok
test operation::tests::cancellation_wins_when_both_controls_are_ready ... ok
test operation::tests::reports_pre_dispatch_timeout ... ok
test operation::tests::reports_pre_dispatch_cancellation ... ok
test import::csv_import::tests::a_file_over_the_size_limit_is_refused_before_it_is_parsed ... ok
test pagination::tests::composite_pk_mysql ... ok
test operation::tests::returns_completed_operation_result ... ok
test operation::tests::with_timeout_sets_a_deadline_in_the_future ... ok
test pagination::tests::order_by_dialect ... ok
test pagination::tests::placeholder_offset ... ok
test pagination::tests::rejects_empty_and_mismatch ... ok
test pagination::tests::single_pk_postgres ... ok
test params::boundary_tests::value_contract_boolean_parameters_preserve_both_truth_values_and_reject_other_text ... ok
test params::boundary_tests::value_contract_explicit_text_keeps_whitespace_and_placeholder_spelling ... ok
test params::tests::adjacent_positional_placeholders_are_not_dollar_quotes ... ok
test params::tests::auto_infers_numbers_and_keeps_everything_else_as_text ... ok
test params::tests::a_mysql_hash_comment_hides_a_parameter ... ok
test params::tests::explicit_kinds_parse_or_report_a_reason ... ok
test params::tests::array_slices_are_not_parameters ... ok
test params::tests::leaves_existing_positional_placeholders_alone ... ok
test params::tests::ignores_placeholders_inside_literals_and_comments ... ok
test params::tests::ignores_placeholders_inside_dialect_quoting ... ok
test params::boundary_tests::value_contract_parameter_lexer_preserves_nested_and_escaped_regions ... ok
test params::tests::leaves_postgres_casts_and_assignments_alone ... ok
test params::tests::parameter_kind_index_round_trips ... ok
test params::tests::multibyte_text_keeps_its_bytes ... ok
test params::tests::ignores_doubled_quotes_inside_literals ... ok
test params::tests::ignores_placeholders_inside_dollar_quoted_bodies ... ok
test params::tests::repeated_names_bind_once_per_occurrence ... ok
test params::tests::unterminated_literal_does_not_produce_parameters ... ok
test params::tests::value_contract_named_parameters_do_not_round_decimals ... ok
test shortcut_label::tests::browse_shortcuts_name_the_keys_the_grid_uses ... ok
test query::tests::enum_catalog_metadata_does_not_change_column_info_wire_shape ... ok
test sql_ddl::collation_tests::a_collation_name_from_the_catalog_is_quoted_or_refused ... ok
test params::tests::rewrites_named_parameters_per_dialect ... ok
test sql_ddl::collation_tests::a_mssql_nullability_change_keeps_the_column_collation ... ok
test sql_ddl::collation_tests::a_mysql_modify_restates_the_collation_even_when_only_nullability_changed ... ok
test sql_ddl::collation_tests::a_postgres_type_change_keeps_the_column_collation ... ok
test sql_ddl::collation_tests::a_type_change_to_a_type_without_collation_drops_the_clause ... ok
test sql_ddl::collation_tests::engines_without_collation_support_here_ignore_it ... ok
test sql_ddl::comment_tests::a_comment_carrying_a_line_terminator_is_rejected ... ok
test sql_ddl::comment_tests::a_comment_edited_in_the_same_save_as_a_rename_uses_the_new_name ... ok
test sql_ddl::comment_tests::a_comment_may_contain_a_semicolon_and_a_sql_comment_marker ... ok
test sql_ddl::comment_tests::a_comment_only_edit_raises_an_alter_on_every_writable_dialect ... ok
test sql_ddl::comment_tests::a_comment_longer_than_the_engine_cap_is_rejected ... ok
test sql_ddl::comment_tests::a_comment_that_cannot_be_quoted_is_rejected_before_emission ... ok
test sql_ddl::comment_tests::a_draft_starts_from_the_loaded_comment ... ok
test sql_ddl::comment_tests::a_mysql_reorder_keeps_the_comment ... ok
test sql_ddl::comment_tests::a_postgres_comment_only_change_is_not_a_no_op ... ok
test sql_ddl::comment_tests::a_new_column_carries_its_comment_on_every_writable_dialect ... ok
test sql_ddl::comment_tests::changing_only_the_comment_is_a_change_beyond_the_name ... ok
test sql_ddl::comment_tests::a_quote_in_a_comment_is_doubled_on_every_dialect ... ok
test sql_ddl::comment_tests::a_semicolon_in_a_comment_cannot_fragment_the_statement_batch ... ok
test sql_ddl::comment_tests::every_driver_agrees_with_the_placement_table ... ok
test sql_ddl::comment_tests::mssql_branches_between_adding_and_updating_the_extended_property ... ok
test sql_ddl::comment_tests::mysql_clears_a_comment_with_an_empty_string ... ok
test sql_ddl::comment_tests::mysql_emits_no_comment_clause_for_a_column_that_never_had_one ... ok
test sql_ddl::comment_tests::mysql_refuses_backslash_comments_and_other_dialects_preserve_them ... ok
test sql_ddl::comment_tests::mysql_restates_the_comment_when_only_the_type_changed ... ok
test sql_ddl::comment_tests::postgres_clears_a_comment_with_is_null ... ok
test sql_ddl::comment_tests::postgres_emits_a_separate_comment_statement_after_the_alter ... ok
test sql_ddl::comment_tests::sqlite_refuses_a_column_comment ... ok
test sql_ddl::default_tests::a_mysql_nullability_change_restates_no_default_null_and_empty_defaults_as_loaded ... ok
test sql_ddl::default_tests::a_postgres_default_edit_moves_between_no_default_null_and_empty_exactly ... ok
test sql_ddl::default_tests::a_postgres_nullability_change_leaves_every_kind_of_default_untouched ... ok
test sql_ddl::default_tests::an_unchanged_empty_string_default_is_not_an_edit ... ok
test sql_ddl::tests::a_pure_column_rename_emits_only_the_rename ... ok
test sql_ddl::tests::a_pure_column_rename_needs_no_alter_on_any_dialect ... ok
test sql_ddl::tests::a_renamed_column_emits_the_rename_before_its_alters ... ok
test sql_ddl::tests::add_column_basic ... ok
test sql_ddl::tests::add_column_mssql_no_column_keyword ... ok
test sql_ddl::tests::add_column_sqlite_not_null_without_default_rejected ... ok
test sql_ddl::tests::add_column_sqlite_with_default_ok ... ok
test sql_ddl::tests::add_foreign_key_mssql ... ok
test sql_ddl::tests::add_foreign_key_mssql_rejects_restrict ... ok
test sql_ddl::tests::add_foreign_key_mysql_backticks ... ok
test sql_ddl::tests::add_foreign_key_omits_actions_when_none ... ok
test sql_ddl::tests::add_foreign_key_postgres ... ok
test sql_ddl::tests::allows_legitimate_complex_types ... ok
test sql_ddl::tests::allows_legitimate_default_expressions ... ok
test sql_ddl::tests::alter_column_mssql_applies_default_alongside_type_change ... ok
test sql_ddl::tests::alter_column_mssql_clearing_a_default_only_drops ... ok
test sql_ddl::tests::alter_column_mssql_default_only_replaces_the_constraint ... ok
test sql_ddl::tests::alter_column_mssql_drop_default_escapes_literals ... ok
test sql_ddl::tests::alter_column_mssql_type_and_nullable_change ... ok
test sql_ddl::tests::alter_column_mssql_unchanged_is_no_change ... ok
test sql_ddl::tests::alter_column_mysql_modify_full_def ... ok
test sql_ddl::tests::alter_column_postgres_default_change ... ok
test sql_ddl::tests::alter_column_postgres_emits_three_statements_when_all_change ... ok
test sql_ddl::tests::alter_column_postgres_nullable_change ... ok
test sql_ddl::tests::alter_column_postgres_rejects_injection_in_type ... ok
test sql_ddl::tests::alter_column_postgres_type_change ... ok
test sql_ddl::tests::alter_column_sqlite_rejected ... ok
test sql_ddl::tests::an_unrenamed_column_emits_no_rename ... ok
test sql_ddl::tests::create_index_basic ... ok
test sql_ddl::tests::create_index_compound_columns ... ok
test sql_ddl::tests::create_index_mssql ... ok
test sql_ddl::tests::create_index_refuses_a_partial_index_instead_of_dropping_its_predicate ... ok
test sql_ddl::tests::create_index_rejects_empty_name ... ok
test sql_ddl::tests::create_table_composite_pk ... ok
test sql_ddl::tests::create_table_postgres_bigserial ... ok
test sql_ddl::tests::create_table_rejects_empty_name ... ok
test sql_ddl::tests::create_table_rejects_no_columns ... ok
test sql_ddl::tests::create_table_simple_mssql ... ok
test sql_ddl::tests::create_table_simple_mysql ... ok
test sql_ddl::tests::create_table_simple_postgres ... ok
test sql_ddl::tests::create_table_simple_sqlite ... ok
test sql_ddl::tests::create_table_skips_primary_index ... ok
test sql_ddl::tests::create_table_sqlite_emits_pragma_for_fk ... ok
test sql_ddl::tests::create_table_with_default ... ok
test sql_ddl::tests::create_table_with_foreign_key ... ok
test sql_ddl::tests::create_table_with_schema ... ok
test sql_ddl::tests::create_table_with_secondary_index ... ok
test sql_ddl::tests::drop_column_each_driver ... ok
test sql_ddl::tests::drop_column_mssql ... ok
test sql_ddl::tests::drop_foreign_key_mssql ... ok
test sql_ddl::tests::drop_foreign_key_mysql ... ok
test sql_ddl::tests::drop_foreign_key_postgres ... ok
test sql_ddl::tests::drop_foreign_key_sqlite_rejected ... ok
test sql_ddl::tests::drop_index_mssql ... ok
test sql_ddl::tests::drop_index_mysql_uses_alter_table ... ok
test sql_ddl::tests::drop_index_postgres ... ok
test sql_ddl::tests::drop_table_mssql_no_cascade ... ok
test sql_ddl::tests::drop_index_sqlite ... ok
test sql_ddl::tests::fk_action_canonicalised_case_insensitive ... ok
test sql_ddl::tests::drop_table_basic ... ok
test sql_ddl::tests::drop_table_cascade_only_postgres ... ok
test sql_ddl::tests::materialize_ops_mssql_orders_rename_alter_then_add ... ok
test sql_ddl::tests::quoted_identifiers_round_trip_through_qualified_table ... ok
test sql_ddl::tests::rejects_injection_via_data_type ... ok
test sql_ddl::tests::rejects_injection_via_default ... ok
test sql_ddl::tests::rejects_unicode_line_separator_in_type ... ok
test sql_ddl::tests::rejects_unicode_paragraph_separator_in_default ... ok
test sql_ddl::tests::rejects_unknown_fk_action ... ok
test sql_ddl::tests::rename_column_each_driver ... ok
test sql_ddl::tests::rename_column_mssql ... ok
test sql_ddl::tests::rename_column_mssql_escapes_embedded_quote ... ok
test sql_ddl::tests::rename_table_each_driver ... ok
test sql_ddl::tests::rename_table_mssql ... ok
test sql_ddl::tests::rename_table_mssql_escapes_embedded_quote ... ok
test sql_ddl::tests::reorder_column_mysql ... ok
test sql_ddl::tests::reorder_column_mysql_first ... ok
test sql_ddl::tests::reorder_column_postgres_rejected ... ok
test sql_ddl::tests::reorder_column_sqlite_rejected ... ok
test sql_diagnostics::tests::code_only_and_unicode_offsets ... ok
test sql_diagnostics::tests::escaped_and_unterminated_spans_are_ignored ... ok
test sql_dialect::postgres_enum_tests::postgres_enum_write_casts_quote_catalog_schema_and_type_names ... ok
test sql_dialect::tests::a_keyed_delete_matches_a_null_key_component_with_is_null ... ok
test sql_dialect::tests::build_update_keeps_standard_syntax_for_other_dialects ... ok
test sql_dialect::tests::clickhouse_identifier_quoting_escapes_a_trailing_backslash ... ok
test sql_dialect::tests::explain_is_unsupported_for_engines_without_a_single_statement_plan ... ok
test sql_dialect::tests::a_keyed_update_binds_new_values_then_every_key_component_in_order ... ok
test sql_dialect::tests::explain_rejects_empty_sql ... ok
test sql_dialect::tests::explain_uses_the_engine_plan_form ... ok
test sql_dialect::tests::full_row_update_clickhouse ... ok
test sql_dialect::tests::full_row_update_length_mismatch ... ok
test sql_dialect::tests::full_row_update_skips_pk ... ok
test sql_dialect::tests::insert_from_draft_keeps_explicit_null_without_default ... ok
test sql_dialect::tests::insert_from_draft_mssql ... ok
test sql_dialect::tests::insert_from_draft_omits_null_when_default_exists ... ok
test sql_dialect::tests::insert_from_draft_qualifies_with_schema ... ok
test sql_dialect::tests::insert_from_draft_returns_error_when_only_auto_columns ... ok
test sql_dialect::tests::insert_from_draft_skips_auto_increment_pk ... ok
test sql_dialect::tests::insert_from_draft_skips_generated_columns ... ok
test sql_dialect::tests::keyed_statements_refuse_a_key_or_column_that_no_longer_fits_the_table ... ok
test sql_dialect::tests::mysql_identifier_quoting_does_not_touch_a_backslash ... ok
test sql_dialect::tests::pagination_limit_offset_dialects ... ok
test sql_dialect::tests::pagination_mssql_synthesizes_order_by_when_unsorted ... ok
test sql_dialect::tests::pagination_mssql_uses_offset_fetch ... ok
test sql_dialect::tests::pagination_treats_blank_order_by_as_absent ... ok
test sql_dialect::tests::placeholder_dialect ... ok
test sql_dialect::tests::placeholder_mssql ... ok
test sql_dialect::tests::postgres_numeric_cast_does_not_interpolate_untrusted_metadata ... ok
test sql_dialect::tests::postgres_typed_numeric_updates_keep_the_native_placeholder ... ok
test sql_dialect::tests::postgres_wide_numeric_inserts_cast_text_to_the_builtin_numeric_type ... ok
test sql_dialect::tests::postgres_wide_numeric_updates_cast_text_to_the_builtin_numeric_type ... ok
test sql_dialect::tests::quote_ident_dialect ... ok
test sql_dialect::tests::quote_ident_doubles_embedded_delimiter ... ok
test sql_dialect::tests::quote_ident_mssql ... ok
test sql_dialect::tests::quote_ident_strips_control_characters_from_an_invalid_identifier ... ok
test sql_dialect::tests::single_cell_update_clickhouse ... ok
test sql_dialect::tests::single_cell_update_composite_pk ... ok
test sql_dialect::tests::postgres_array_update_casts_allowlist_type_metadata ... ok
test sql_dialect::tests::single_cell_update_mssql ... ok
test sql_dialect::tests::single_cell_update_no_pk ... ok
test sql_dialect::tests::single_cell_update_mysql ... ok
test sql_dialect::tests::single_cell_update_postgres ... ok
test sql_dialect::tests::single_cell_update_sqlite ... ok
test sql_dialect::tests::validate_ident_accepts_ordinary_and_quoted_names ... ok
test sql_dialect::tests::validate_ident_rejects_empty_overlong_and_control_characters ... ok
test sql_dialect::tests::value_contract_postgres_temporal_insert_cast_is_limited_to_postgres_text_values ... ok
test sql_dialect::tests::value_contract_postgres_text_array_updates_cast_through_text_to_a_builtin_array_type ... ok
test sql_dialect::tests::where_clause_all_null_pk_no_placeholders ... ok
test sql_dialect::tests::where_clause_uses_is_null_for_null_pk_components ... ok
test sql_format::significant_tokens::tests::a_changed_word_changes_the_statement ... ok
test sql_format::significant_tokens::tests::a_comment_keeps_its_text_but_not_its_trailing_spaces ... ok
test sql_format::significant_tokens::tests::spacing_alone_does_not_change_a_statement ... ok
test sql_format::tests::an_empty_script_stays_empty ... ok
test sql_format::tests::a_slash_comment_at_the_end_of_a_statement_still_ends_it ... ok
test sql_format::tests::a_comment_that_would_swallow_the_code_after_it_keeps_the_statement_verbatim ... ok
test sql_format::tests::go_lines_preserved ... ok
test sql_format::tests::delimiter_procedure_preserved ... ok
test sql_format::tests::mysql_minus_minus_arithmetic_stays_arithmetic ... ok
test sql_format::tests::nested_block_comment_kept_verbatim ... ok
test sql_format::tests::dollar_tag_body_is_untouched ... ok
test sql_format::tests::format_is_idempotent_for_plain_statements ... ok
test sql_lex::migrated_editor_cursor_tests::cursor_in_block_comment_with_semicolon_inside ... ok
test sql_lex::migrated_editor_cursor_tests::cursor_in_first_statement ... ok
test sql_format::tests::plain_select_is_reflowed_case_preserved ... ok
test sql_format::tests::standard_conforming_backslash_string_kept_verbatim ... ok
test sql_lex::migrated_editor_cursor_tests::cursor_in_second_statement ... ok
test sql_lex::migrated_editor_cursor_tests::cursor_in_string_literal_with_semicolon_inside ... ok
test sql_lex::migrated_editor_cursor_tests::cursor_on_semicolon_takes_preceding_statement ... ok
test sql_lex::migrated_editor_cursor_tests::cursor_past_end_picks_last_statement ... ok
test sql_lex::migrated_editor_cursor_tests::empty_buffer_returns_none ... ok
test sql_lex::migrated_editor_cursor_tests::empty_input_returns_empty ... ok
test export::tests::exported_bytes_are_complete_zero_padded_hex ... ok
test sql_lex::migrated_editor_cursor_tests::ignores_semicolons_in_block_comment ... ok
test sql_lex::migrated_editor_cursor_tests::ignores_semicolons_in_double_quotes ... ok
test sql_lex::migrated_editor_cursor_tests::ignores_semicolons_in_line_comment ... ok
test sql_lex::migrated_editor_cursor_tests::ignores_semicolons_in_string_literals ... ok
test sql_lex::migrated_editor_cursor_tests::multibyte_identifier_does_not_split_mid_char ... ok
test sql_lex::migrated_editor_cursor_tests::splits_on_top_level_semicolons ... ok
test sql_lex::migrated_editor_cursor_tests::trailing_semicolon_does_not_create_empty_statement ... ok
test sql_lex::migrated_editor_tests::an_unterminated_block_comment_swallows_the_rest ... ok
test sql_lex::migrated_editor_tests::an_unterminated_double_quote_keeps_the_tail_as_one_statement ... ok
test sql_lex::migrated_editor_tests::an_unterminated_single_quote_keeps_the_tail_as_one_statement ... ok
test sql_format::tests::significant_whitespace_and_literal_prefixes_survive ... ok
test sql_lex::migrated_editor_tests::statement_at_cursor_survives_an_unterminated_literal ... ok
test sql_lex::tests::a_backtick_identifier_holding_a_semicolon_does_not_split ... ok
test sql_lex::tests::a_bracket_identifier_holding_a_semicolon_does_not_split ... ok
test sql_lex::tests::a_hash_is_not_a_comment_for_a_dialect_without_one ... ok
test sql_lex::tests::a_mysql_hash_comment_does_not_end_a_statement ... ok
test sql_lex::tests::a_postgres_dollar_quoted_body_stays_one_statement ... ok
test sql_lex::tests::a_tagged_dollar_quoted_body_stays_one_statement_next_to_another ... ok
test sql_lex::tests::an_unterminated_span_keeps_the_tail_as_one_statement ... ok
test sql_lex::tests::the_cursor_inside_a_dollar_quoted_body_selects_the_whole_statement ... ok
test sql_lex::tests::escaped_quotes_and_nested_comments_keep_statement_boundaries ... ok
test sql_literal::tests::a_backslash_is_escaped_only_where_the_engine_treats_it_as_an_escape ... ok
test sql_literal::tests::a_quote_inside_a_value_is_doubled_for_every_dialect ... ok
test sql_literal::tests::a_row_of_only_generated_columns_has_nothing_to_insert ... ok
test sql_literal::tests::a_row_that_does_not_match_the_columns_is_refused_rather_than_rendered ... ok
test sql_literal::tests::an_insert_keeps_an_auto_increment_column_so_a_copied_row_keeps_its_key ... ok
test sql_literal::tests::an_insert_leaves_out_a_generated_column_the_engine_would_reject ... ok
test sql_literal::tests::a_rendered_literal_decodes_back_to_the_value_and_ends_where_it_should ... ok
test sql_literal::tests::an_insert_qualifies_with_the_schema_and_quotes_per_dialect ... ok
test sql_literal::tests::binary_literals_preserve_empty_and_arbitrary_bytes ... ok
test sql_literal::tests::clickhouse_datetime64_exports_refuse_values_outside_its_nanosecond_range ... ok
test sql_literal::tests::clickhouse_datetime64_literal_uses_the_coarsest_exact_native_precision ... ok
test sql_literal::tests::clickhouse_nested_json_export_requires_native_type_metadata ... ok
test sql_literal::tests::insert_export_refuses_values_it_cannot_represent ... ok
test sql_literal::tests::sql_server_literals_preserve_unicode_and_use_numeric_booleans ... ok
test sql_literal::tests::scalar_values_render_without_quotes_and_null_stays_a_keyword ... ok
test sql_literal::tests::unrepresentable_values_return_errors_without_sql ... ok
test sql_literal::tests::value_contract_numeric_literals_avoid_implicit_decimal_and_float_conversions ... ok
test sql_syntax::script::compound_tracker::tests::routine_begin_holds_semicolons_until_end ... ok
test sql_syntax::script::compound_tracker::tests::transaction_begin_is_not_counted ... ok
test sql_literal::tests::value_contract_postgres_dates_preserve_eras_and_extended_years ... ok
test sql_syntax::script::compound_tracker::tests::trigger_body_ends_at_semicolon_end_semicolon ... ok
test sql_syntax::script::directive_scan::tests::delimiter_line_reads_the_argument ... ok
test sql_syntax::script::directive_scan::tests::go_line_accepts_count_and_comment ... ok
test sql_syntax::script::directive_scan::tests::go_line_rejects_other_text ... ok
test sql_syntax::script::script_plan::tests::a_cursor_before_the_first_statement_finds_no_statement ... ok
test sql_syntax::script::script_plan::tests::an_unterminated_clickhouse_heredoc_is_reported_as_a_diagnostic ... ok
test text_file::tests::a_new_file_is_created ... ok
test text_file::tests::a_file_deleted_after_opening_counts_as_changed ... ok
test text_file::tests::reading_refuses_oversized_and_non_text_files ... ok
test text_file::tests::a_saved_file_reads_back_with_the_version_the_save_returned ... ok
test text_file::tests::saving_keeps_the_file_permissions_and_writes_through_a_symlink ... ok
test text_file::tests::saving_over_a_file_changed_on_disk_is_refused_and_keeps_the_other_writer_contents ... ok
test text_file::tests::saving_without_an_expected_version_overwrites ... ok
test tls::shared_tls_error_tests::a_handshake_cause_is_recognised_only_through_the_whole_chain ... ok
test tls::shared_tls_error_tests::an_ordinary_connection_error_is_not_a_handshake_failure ... ok
test tls::shared_tls_error_tests::rustls_identity_wording_is_recognised ... ok
test tls::shared_tls_error_tests::the_chain_keeps_every_nested_cause ... ok
test tls::tests::tls_mode_index_round_trips ... ok
test export::xlsx::tests::value_contract_workbook_keeps_supported_whole_second_temporals_numeric ... ok
test import::csv_import::tests::a_field_over_the_length_limit_is_refused_and_names_the_line ... ok
test import::csv_import::tests::a_field_at_the_length_limit_is_accepted ... ok
test sql_format::tests::bounded_unicode_corpus_is_safe_and_idempotent ... ok
test export::file::tests::an_excel_export_over_the_row_limit_is_refused_before_the_destination_is_touched ... ok
test export::xlsx::tests::value_contract_workbook_preserves_temporal_precision_and_timezone_as_text ... ok
test export::file::tests::value_contract_workbook_column_limit_failure_preserves_destination ... ok
test export::json::tests::value_contract_json_round_trip_preserves_each_finite_exponent_and_mantissa_edges ... ok
test export::csv::tests::value_contract_csv_and_json_round_trip_seeded_finite_float_bits ... ok

test result: ok. 508 passed; 0 failed; 0 ignored; 0 measured; 0 filtered out; finished in 0.72s

     Running tests/query_pipeline.rs (target/debug/deps/query_pipeline-b2b884cbeefb0850)

running 10 tests
test a_dollar_quoted_body_survives_the_whole_editor_pipeline ... ok
test a_copied_row_and_a_drafted_row_agree_on_which_columns_are_writable ... ok
test an_empty_filter_produces_no_clause_so_the_caller_can_skip_where ... ok
test a_keyset_clause_that_cannot_be_built_is_refused_rather_than_guessed ... ok
test an_unknown_filter_column_is_reported_rather_than_quoted_into_sql ... ok
test a_statement_the_splitter_returns_is_the_one_the_cursor_reports ... ok
test splitting_a_script_preserves_the_parameters_of_every_statement ... ok
test an_identifier_holding_the_dialect_delimiter_stays_one_identifier ... ok
test a_filtered_page_binds_exactly_the_parameters_its_sql_asks_for ... ok
test a_keyset_page_continues_the_placeholder_run_the_filter_started ... ok

test result: ok. 10 passed; 0 failed; 0 ignored; 0 measured; 0 filtered out; finished in 0.00s

     Running unittests src/lib.rs (target/debug/deps/drivers_sqlite-e7351706a35c1757)

running 13 tests
test tests::driver_metadata ... ok
test tests::quote_ident_doubles_embedded_quotes ... ok
test tests::structure_metadata_declarations_match_the_connection_impl ... ok
test tests::composite_primary_key_no_auto_increment ... ok
test tests::column_named_autoincrement_substring_is_not_flagged ... ok
test tests::integer_primary_key_with_default_is_not_auto_increment ... ok
test tests::integer_primary_key_no_autoincrement_is_rowid_alias ... ok
test tests::a_value_that_does_not_match_its_declared_column_type_keeps_its_text_instead_of_becoming_null ... ok
test tests::fetch_rows_handles_table_with_embedded_quote ... ok
test tests::an_expression_column_decodes_by_its_runtime_type ... ok
test tests::autoincrement_detected_via_sqlite_sequence ... ok
test tests::connect_create_and_list_tables ... ok
test tests::fetch_rows_paginates ... ok

test result: ok. 13 passed; 0 failed; 0 ignored; 0 measured; 0 filtered out; finished in 0.02s

     Running tests/csv_import.rs (target/debug/deps/csv_import-5145dfd4a6f18017)

running 7 tests
test a_cancelled_import_leaves_the_batches_that_already_committed_and_no_more ... ok
test a_scope_cannot_be_spent_on_another_table_of_the_same_database ... ok
test a_row_the_database_refuses_stops_the_import_and_keeps_what_already_committed ... ok
test a_csv_file_creates_the_table_it_is_loaded_into_and_fills_it ... ok
test a_csv_file_loads_into_a_table_that_is_already_there ... ok
test csv_import_preserves_text_in_sqlite_integer_real_and_numeric_affinities ... ok
test value_contract_csv_binary_export_import_keeps_null_empty_and_every_byte ... ok

test result: ok. 7 passed; 0 failed; 0 ignored; 0 measured; 0 filtered out; finished in 0.00s

     Running tests/integration.rs (target/debug/deps/integration-5cf163356ffd764e)

running 23 tests
test an_in_memory_database_refuses_a_session ... ok
test an_already_cancelled_control_never_reaches_the_database ... ok
test a_completed_query_is_unaffected_by_the_control ... ok
test an_auto_decimal_parameter_binds_as_real_unless_only_text_keeps_its_digits ... ok
test nullable_blob_columns_distinguish_null_empty_and_binary_values ... ok
test sqlite_columns_report_no_comment ... ok
test declared_types_preserve_nulls_and_binary_affinity_mismatches ... ok
test binary_sql_exports_round_trip_null_empty_and_every_byte ... ok
test a_session_keeps_temp_tables_and_its_transaction_between_statements ... ok
test sqlite_real_storage_preserves_float_edge_bits ... ok
test sqlite_real_binding_refuses_negative_zero_and_nan ... ok
test the_driver_declares_server_side_cancellation ... ok
test a_foreign_key_to_the_implicit_parent_key_names_the_primary_key_columns ... ok
test a_declared_structure_capability_returns_real_catalog_rows ... ok
test undecodable_parameter_is_rejected_without_writing_null ... ok
test sqlite_numeric_affinity_transitions_survive_bound_edits_and_sql_reimport ... ok
test fetched_defaults_keep_no_default_null_empty_and_literal_apart_and_reapply_exactly ... ok
test a_foreign_key_read_right_after_its_table_is_created_is_listed ... ok
test grid_row_edits_find_rows_by_uuid_composite_and_wide_bigint_keys ... ok
test value_contract_preserves_scalar_boundaries_through_parameters_and_exports ... ok
test a_cancelled_session_statement_is_interrupted_and_the_session_stays_usable ... ok
test a_cancelled_query_is_interrupted_and_the_pool_stays_usable ... ok
test a_timed_out_write_is_interrupted_and_reports_a_timeout ... ok

test result: ok. 23 passed; 0 failed; 0 ignored; 0 measured; 0 filtered out; finished in 0.42s

     Running unittests src/lib.rs (target/debug/deps/tablepro_mcp-f5973372c6bd6b5e)

running 45 tests
test auth::tests::a_stored_full_access_token_is_read_write ... ok
test auth::tests::read_only_blocks_write ... ok
test bridge::tests::a_count_statement_quotes_the_target_for_the_engine ... ok
test bridge::tests::a_hostile_identifier_cannot_escape_its_quotes ... ok
test bridge::tests::only_a_non_negative_integer_count_is_accepted ... ok
test bridge::tests::the_default_limits_are_the_values_the_bridge_has_always_used ... ok
test rate_limit::tests::a_key_with_no_recent_requests_is_forgotten ... ok
test rate_limit::tests::allows_under_limit ... ok
test bridge::tests::bridge_shutdown_cancels_every_owned_operation_control ... ok
test server::tests::a_non_loopback_bind_host_is_refused ... ok
test bridge::tests::repeated_failed_authentication_is_rate_limited_even_with_no_valid_token ... ok
test server::tests::an_older_client_revision_is_accepted_and_echoed ... ok
test server::tests::an_unknown_protocol_revision_is_refused_as_invalid_params ... ok
test server::tests::loopback_hosts_resolve_to_a_loopback_socket ... ok
test server::tests::native_requests_without_origin_are_allowed ... ok
test server::tests::discarding_stops_at_end_of_input ... ok
test server::tests::discarding_an_oversized_line_resyncs_on_the_next_request ... ok
test server::tests::the_advertised_protocol_revision_is_the_current_one ... ok
test server::tests::trusted_browser_origins_are_allowed ... ok
test bridge::tests::only_a_provable_read_skips_the_write_scope_check ... ok
test server::tests::untrusted_browser_origins_are_rejected ... ok
test server::tests::tools_list_is_refused_without_a_token ... ok
test server::tests::a_non_utf8_line_is_resynced_instead_of_ending_the_session ... ok
test server::tests::tools_list_is_refused_with_a_bad_token ... ok
test tokens::tests::a_corrupt_token_file_is_an_error_rather_than_an_empty_store ... ok
test tokens::tests::a_non_regular_token_file_is_rejected ... ok
test tokens::tests::a_symlink_token_file_is_rejected ... ok
test tokens::tests::an_existing_owner_only_token_file_opens ... ok
test tokens::tests::a_permissive_fixed_temporary_file_is_not_reused ... ok
test tokens::tests::an_existing_token_file_with_group_or_other_access_is_rejected ... ok
test tokens::tests::subprocess_mutates_token_store ... ignored, helper process spawned by other tests through --exact --ignored, not a standalone test
test tools::tests::an_undecodable_value_is_reported_to_mcp_clients_not_hidden_as_null ... ok
test tools::tests::pagination_arguments_refuse_a_negative_or_non_numeric_page ... ok
test tools::tests::mongodb_extended_json_types_survive_mcp_value_conversion ... ok
test tools::tests::shared_query_history_is_not_exposed ... ok
test tools::tests::the_metadata_tools_are_advertised ... ok
test tools::tests::value_contract_nonfinite_numbers_remain_distinct_from_sql_null ... ok
test tokens::tests::issue_and_authenticate ... ok
test server::tests::tools_list_succeeds_with_a_valid_token ... ok
test tokens::tests::the_token_file_is_owner_only ... ok
test tokens::tests::revoke_blocks ... ok
test tokens::tests::an_oversized_token_file_is_rejected ... ok

running 1 test

running 1 test
test server::tests::streamable_http_server_stops_after_shutdown_is_requested ... ok
test tokens::tests::subprocess_mutates_token_store ... ok

test result: ok. 1 passed; 0 failed; 0 ignored; 0 measured; 44 filtered out; finished in 0.01s

test tokens::tests::subprocess_mutates_token_store ... ok

test result: ok. 1 passed; 0 failed; 0 ignored; 0 measured; 44 filtered out; finished in 0.02s

test tokens::tests::a_subprocess_issue_cannot_resurrect_a_revoked_token ... ok
test rate_limit::tests::a_full_table_refuses_an_unknown_caller_instead_of_growing ... ok

test result: ok. 44 passed; 0 failed; 1 ignored; 0 measured; 0 filtered out; finished in 0.24s

     Running tests/enforce_policy.rs (target/debug/deps/enforce_policy-5fe23852bbb9a494)

running 20 tests
test browse_table_pages_within_the_row_limit ... ok
test empty_allowlist_denies_connection_access ... ok
test count_rows_is_denied_for_a_token_with_an_empty_allowlist ... ok
test browse_table_refuses_a_negative_page_and_an_unlisted_connection ... ok
test describe_table_refuses_an_invalid_identifier_without_opening_a_connection ... ok
test table_schema_is_denied_for_a_connection_outside_the_allowlist ... ok
test explain_is_refused_for_engines_without_a_plan_statement ... ok
test list_objects_is_denied_for_a_token_with_an_empty_allowlist ... ok
test a_write_scoped_token_cannot_use_execute_query_to_skip_the_preview_workflow ... ok
test a_read_only_token_is_refused_a_delete_before_a_connection_opens ... ok
test list_objects_rejects_an_unknown_kind_and_a_hostile_schema_before_connecting ... ok
test explain_analyze_still_requires_write_scope ... ok
test csv_export_escapes_separators_quotes_and_newlines ... ok
test count_rows_counts_a_quoted_target_with_read_scope_only ... ok
test read_only_token_cannot_call_administrative_function ... ok
test explain_uses_the_connection_engine_plan_form ... ok
test write_without_tools_write_scope_denied ... ok
test table_schema_reads_columns_keys_and_indexes_with_read_scope_only ... ok
test tool_path_requires_provider_and_token ... ok
test guarded_tool_path_journals_policy_decision ... ok

test result: ok. 20 passed; 0 failed; 0 ignored; 0 measured; 0 filtered out; finished in 0.01s

     Running tests/local_bind_only.rs (target/debug/deps/local_bind_only-aa94635b106cfb72)

running 2 tests
test a_non_local_bind_host_is_refused_and_nothing_listens ... ok
test a_loopback_bind_host_keeps_serving ... ok

test result: ok. 2 passed; 0 failed; 0 ignored; 0 measured; 0 filtered out; finished in 1.01s

     Running tests/mongodb_extended_json.rs (target/debug/deps/mongodb_extended_json-b98d010cd6a61330)

running 1 test
test mongodb_extended_json_survives_the_mcp_query_tool_round_trip ... ignored, requires docker

test result: ok. 0 passed; 0 failed; 1 ignored; 0 measured; 0 filtered out; finished in 0.00s

     Running tests/postgres_custom_enum.rs (target/debug/deps/postgres_custom_enum-9b716e37529f6f27)

running 2 tests
test postgres_custom_enum_labels_and_sql_null_survive_mcp_query_tool ... ignored, requires docker
test postgres_domain_over_enum_values_survive_mcp_query_export_and_csv_import ... ignored, requires docker

test result: ok. 0 passed; 0 failed; 2 ignored; 0 measured; 0 filtered out; finished in 0.00s

     Running tests/shutdown_write_audit.rs (target/debug/deps/shutdown_write_audit-a533f1b0994e78f1)

running 1 test
test shutdown_during_a_write_still_records_a_terminal_audit_outcome ... ok

test result: ok. 1 passed; 0 failed; 0 ignored; 0 measured; 0 filtered out; finished in 6.81s

     Running tests/timeout_audit.rs (target/debug/deps/timeout_audit-55efa5e9aab4983c)

running 9 tests
test a_timed_out_metadata_read_is_refused_without_a_half_open_audit_operation ... ok
test successful_preview_rollback_records_a_terminal_success ... ok
test confirmed_timeout_records_terminal_event_and_allows_later_write ... ok
test a_metadata_read_is_denied_when_audit_intent_cannot_be_persisted ... ok
test hanging_preview_rollback_records_unknown_and_blocks_later_writes ... ok
test hanging_policy_guard_metadata_records_a_terminal_audit_outcome ... ok
test unknown_interruption_records_unknown_outcome_and_blocks_later_writes ... ok
test a_read_scoped_agent_may_read_table_metadata_and_a_page ... ok
test delayed_rollback_intent_records_unknown_and_blocks_later_writes ... ok

test result: ok. 9 passed; 0 failed; 0 ignored; 0 measured; 0 filtered out; finished in 0.00s

     Running tests/timeout_bounds.rs (target/debug/deps/timeout_bounds-4deb1e00d4659016)

running 7 tests
test query_timeout_bounds_saved_connection_listing ... ok
test query_timeout_bounds_preview_begin_after_dispatch ... ok
test query_timeout_bounds_preview_rollback_after_dispatch ... ok
test query_timeout_bounds_connection_acquisition_after_dispatch ... ok
test preview_dispatches_rollback_after_execution_deadline_expiry ... ok
test query_timeout_bounds_saved_connection_lookup ... ok
test query_timeout_bounds_every_metadata_phase_after_dispatch ... ok

test result: ok. 7 passed; 0 failed; 0 ignored; 0 measured; 0 filtered out; finished in 0.00s

     Running unittests src/lib.rs (target/debug/deps/tablepro_policy-187d95a90386e464)

running 171 tests
test audit::tests::uncertainty_is_scoped_to_a_connection_generation_but_journal_failure_is_global ... ok
test catalog_effect::tests::recognizes_single_transaction_boundaries_with_comments_and_chain_state ... ok
test blast_radius::tests::a_batch_of_literal_insert_values_sums_to_a_known_count ... ok
test blast_radius::tests::insert_select_is_rewritten_into_a_count_query ... ok
test blast_radius::tests::select_returns_none ... ok
test blast_radius::tests::insert_values_is_a_known_count_with_no_query ... ok
test blast_radius::tests::a_batch_mixing_a_known_and_an_unknown_statement_stays_unknown ... ok
test blast_radius::tests::rewrite_delete_with_where ... ok
test blast_radius::tests::an_update_join_is_not_dropped_from_the_count ... ok
test blast_radius::tests::rewrite_update ... ok
test blast_radius::tests::an_update_from_clause_is_not_dropped_from_the_count ... ok
test blast_radius::tests::a_delete_using_clause_is_not_dropped_from_the_count ... ok
test classify::tests::delete_without_where ... ok
test classify::tests::administrative_function_name_in_literal_or_comment_is_not_a_call ... ok
test classify::tests::administrative_function_in_predicate_is_detected ... ok
test classify::tests::describe_table_is_a_read ... ok
test classify::tests::administrative_function_nested_in_expression_is_detected ... ok
test classify::tests::data_modifying_cte_is_write ... ok
test classify::tests::explain_analyze_keeps_the_inner_statement_facts ... ok
test catalog_effect::tests::recognizes_only_successful_single_statement_ddl ... ok
test classify::tests::explain_with_a_parenthesized_analyze_option_is_a_write ... ok
test classify::tests::explain_verbose_of_a_select_is_a_read ... ok
test classify::tests::insert_is_mutating_dml ... ok
test classify::tests::broader_schema_and_privilege_changes_are_ddl ... ok
test classify::tests::explain_with_analyze_disabled_is_a_read ... ok
test classify::tests::insert_select_cte_write ... ok
test classify::tests::mixed_script_preserves_ddl_in_both_orders ... ok
test classify::tests::mixed_script_preserves_unscoped_dml_in_both_orders ... ok
test classify::tests::mysql_kill_is_administrative ... ok
test classify::tests::mysql_delete ... ok
test classify::tests::mssql_update ... ok
test classify::tests::grant_copy_and_merge_name_their_targets ... ok
test classify::tests::multi_statement_flagged ... ok
test classify::tests::mixed_script_preserves_unknown_writes_in_both_orders ... ok
test classify::tests::parse_failure_fail_closed ... ok
test classify::tests::plain_explain_of_a_write_does_not_execute_it ... ok
test classify::tests::plain_explain_of_a_select_is_a_read ... ok
test classify::tests::only_a_provable_read_skips_the_write_capability_check ... ok
test classify::tests::postgres_terminate_backend_is_administrative ... ok
test classify::tests::truncate_is_ddl_write ... ok
test classify::tests::select_is_read ... ok
test classify::tests::update_with_where ... ok
test classify::tests::sqlite_fileio_functions_are_administrative ... ok
test config::tests::a_corrupt_policy_file_is_refused ... ok
test config::tests::a_connection_override_key_that_is_not_a_uuid_is_refused_at_load ... ok
test config::tests::default_prod_denies_agent_writes ... ok
test config::tests::a_misspelled_environment_name_is_refused_at_load ... ok
test config::tests::a_custom_mask_pattern_adds_to_the_defaults_instead_of_replacing_them ... ok
test config::tests::a_connection_override_key_is_case_normalised_so_it_still_matches_at_lookup ... ok
test config::tests::an_explicit_empty_mask_list_keeps_sensitive_defaults ... ok
test classify::tests::values_and_recursive_values_cte_are_reads ... ok
test config::tests::omitted_mask_patterns_keep_sensitive_defaults ... ok
test config::tests::an_unknown_field_in_an_environment_override_is_refused_at_load ... ok
test config::tests::an_invalid_glob_mask_pattern_is_refused_at_load ... ok
test config::tests::local_unaudited_writes_require_explicit_opt_in ... ok
test config::tests::partial_connection_override_inherits_environment_policy ... ok
test config::tests::partial_prod_policy_inherits_secure_defaults ... ok
test config::tests::round_trip_toml ... ok
test classify::tests::postgres_side_effecting_functions_are_administrative ... ok
test guard::guard_tests::audit::a_disconnected_read_reports_the_connection_as_unusable_without_a_panic ... ok
test guard::guard_tests::audit::a_panicking_read_reports_the_connection_as_unusable ... ok
test guard::guard_tests::audit::a_panicking_driver_read_records_a_failed_terminal_outcome ... ok
test guard::guard_tests::audit::a_disconnected_write_reports_the_connection_as_unusable_without_a_panic ... ok
test guard::guard_tests::audit::ambiguous_commit_records_unknown_transaction_outcome ... ok
test guard::guard_tests::audit::a_panicking_driver_write_records_an_unknown_terminal_outcome ... ok
test guard::guard_tests::audit::an_operation_that_does_not_panic_reports_no_fault ... ok
test guard::guard_tests::audit::a_panicking_write_reports_the_connection_as_unusable ... ok
test guard::guard_tests::audit::agent_read_fails_when_outcome_cannot_be_recorded ... ok
test guard::guard_tests::audit::ambiguous_driver_error_records_unknown_and_poisons_state ... ok
test guard::guard_tests::audit::abandoning_an_old_write_after_replacement_keeps_the_new_generation_writable ... ok
test guard::guard_tests::audit::batch_query_error_records_unknown_and_poisons_state ... ok
test guard::guard_tests::audit::audit_events_sanitize_driver_details_and_agent_token ... ok
test guard::guard_tests::audit::confirmed_controlled_timeout_records_timeout_without_poisoning_state ... ok
test guard::guard_tests::audit::controlled_read_unknown_outcome_does_not_poison_governed_writes ... ok
test guard::guard_tests::audit::batch_records_correlated_redacted_intent_and_outcome ... ok
test guard::guard_tests::audit::an_unknown_write_blocks_only_its_connection_and_generation ... ok
test guard::guard_tests::audit::human_policy_deny_fails_closed_when_outcome_cannot_be_recorded ... ok
test guard::guard_tests::audit::controlled_unknown_outcome_records_unknown_and_poisons_state ... ok
test guard::guard_tests::audit::dropped_write_future_poisons_shared_state ... ok
test guard::guard_tests::audit::rollback_failure_is_audited_as_an_unknown_transaction_outcome ... ok
test guard::guard_tests::audit::human_policy_deny_keeps_the_policy_message_when_audit_succeeds ... ok
test guard::guard_tests::audit::human_approval_deny_fails_closed_when_outcome_cannot_be_recorded ... ok
test guard::guard_tests::audit::interactive_transaction_execute_query_error_records_unknown_and_poisons_state ... ok
test guard::guard_tests::audit::null_sink_denies_production_write ... ok
test guard::guard_tests::audit::local_unaudited_write_requires_explicit_opt_in ... ok
test guard::guard_tests::bulk::a_batch_past_the_row_budget_is_denied_and_never_reaches_the_driver ... ok
test guard::guard_tests::bulk::a_row_budget_outside_the_import_limit_is_refused ... ok
test guard::guard_tests::bulk::a_denied_approval_writes_the_terminal_audit_state_and_grants_nothing ... ok
test guard::guard_tests::bulk::a_cancelled_import_writes_the_cancelled_terminal_state ... ok
test guard::guard_tests::audit::post_execution_audit_failure_poisons_shared_state ... ok
test guard::guard_tests::bulk::a_failed_import_cannot_be_resumed_on_the_same_scope ... ok
test guard::guard_tests::bulk::a_failure_mid_import_stops_it_and_writes_one_terminal_record_with_the_committed_rows ... ok
test guard::guard_tests::bulk::a_read_only_connection_denies_an_import_before_it_asks_for_approval ... ok
test guard::guard_tests::bulk::a_scope_granted_for_one_table_is_denied_on_another ... ok
test guard::guard_tests::bulk::a_scope_granted_for_one_statement_is_denied_on_another ... ok
test guard::guard_tests::bulk::a_scope_granted_for_one_table_is_denied_on_another_schema ... ok
test guard::guard_tests::bulk::a_scope_is_denied_once_the_import_has_ended ... ok
test guard::guard_tests::bulk::a_scope_granted_on_one_connection_is_denied_on_another ... ok
test guard::guard_tests::bulk::a_scope_is_refused_for_anything_that_is_not_one_insert ... ok
test guard::guard_tests::bulk::a_timed_out_import_writes_the_timed_out_terminal_state ... ok
test guard::guard_tests::bulk::an_import_is_refused_when_governed_writes_are_already_disabled ... ok
test guard::guard_tests::bulk::an_approved_scope_spends_exactly_its_row_budget ... ok
test guard::guard_tests::bulk::an_import_dropped_without_a_terminal_record_disables_governed_writes ... ok
test guard::guard_tests::bulk::an_import_is_audited_as_one_operation_carrying_the_rows_it_wrote ... ok
test guard::guard_tests::bulk::one_approval_covers_every_batch_of_one_import ... ok
test guard::guard_tests::gating::agent_transaction_read_intent_failure_prevents_driver_query ... ok
test guard::guard_tests::gating::commit_intent_failure_prevents_inner_commit ... ok
test guard::guard_tests::gating::an_expired_deadline_skips_the_blast_radius_count ... ok
test guard::guard_tests::gating::categorical_agent_denial_skips_blast_radius_query ... ok
test guard::guard_tests::gating::list_objects_audit_target_leaves_out_the_schema_for_unscoped_kinds ... ok
test guard::guard_tests::gating::approve_once_authorizes_only_the_current_operation ... ok
test guard::guard_tests::gating::blast_radius_count_runs_through_the_controlled_query_path ... ok
test guard::guard_tests::gating::list_objects_is_denied_when_the_agent_read_intent_cannot_be_recorded ... ok
test guard::guard_tests::gating::implicit_transaction_mode_is_denied_before_dispatch_and_audited ... ok
test guard::guard_tests::gating::list_objects_reports_an_unsupported_kind_and_audits_the_read_with_its_target ... ok
test guard::guard_tests::gating::disabled_audit_state_cannot_be_bypassed_by_approval ... ok
test guard::guard_tests::gating::list_views_records_a_governed_read_outcome ... ok
test guard::guard_tests::gating::rollback_uses_distinct_operation_class ... ok
test guard::guard_tests::gating::read_only_denial_skips_blast_radius_query ... ok
test guard::guard_tests::gating::required_intent_failure_prevents_driver_execution ... ok
test guard::guard_tests::session::a_committed_session_transaction_records_the_commit ... ok
test guard::guard_tests::gating::transaction_batch_requests_one_approval ... ok
test guard::guard_tests::session::a_nested_begin_is_refused ... ok
test guard::guard_tests::session::a_denied_statement_inside_a_transaction_does_not_block_the_following_commit ... ok
test guard::guard_tests::session::a_definite_commit_failure_closes_the_batch_instead_of_leaving_it_open ... ok
test guard::guard_tests::session::a_disconnected_error_retires_the_session_even_when_the_driver_reports_it_usable ... ok
test guard::guard_tests::session::a_disconnected_commit_writes_an_unknown_terminal_state_and_retires_the_session ... ok
test guard::guard_tests::session::a_statement_on_a_retired_session_is_refused_before_dispatch ... ok
test guard::guard_tests::session::commit_without_a_preceding_begin_is_refused ... ok
test guard::guard_tests::session::a_failed_rollback_keeps_the_batch_until_a_retry_succeeds ... ok
test guard::guard_tests::session::a_timed_out_commit_writes_a_timed_out_terminal_state_and_stays_open_for_retry ... ok
test mask::tests::a_known_sensitive_position_is_redacted_even_when_its_name_does_not_match ... ok
test mask::tests::an_empty_pattern_list_with_no_known_positions_redacts_nothing ... ok
test guard::guard_tests::session::a_timed_out_statement_inside_a_postgres_transaction_leaves_the_commit_rolled_back ... ok
test mask::tests::matches_pan_column ... ok
test mask::tests::redacts_cells ... ok
test guard::guard_tests::session::closing_a_session_with_an_open_transaction_rolls_it_back_and_audits_it ... ok
test guard::guard_tests::session::a_session_runs_its_own_transaction_and_audits_the_rollback_against_its_batch ... ok
test guard::guard_tests::session::a_session_lost_mid_transaction_after_a_write_records_an_unknown_outcome ... ok
test guard::guard_tests::session::policy_still_denies_a_write_inside_a_session_on_a_read_only_connection ... ok
test guard::guard_tests::session::closing_after_a_failed_rollback_surfaces_and_audits_unknown_outcome ... ok
test rules::tests::agent_cannot_call_postgres_side_effecting_function ... ok
test rules::tests::agent_cannot_hide_ddl_in_mixed_script ... ok
test guard::guard_tests::session::rollback_and_chain_starts_a_fresh_batch ... ok
test rules::tests::agent_cannot_hide_scoped_dml_blast_radius_in_mixed_script ... ok
test rules::tests::a_lone_transaction_statement_is_refused_and_a_whole_transaction_batch_is_not ... ok
test rules::tests::agent_cannot_hide_unscoped_dml_in_mixed_script ... ok
test rules::tests::agent_unparseable_denied ... ok
test rules::tests::agent_denied_on_prod_write ... ok
test rules::tests::agent_cannot_run_or_hide_unclassified_write ... ok
test rules::tests::agent_denied_when_blast_radius_unknown ... ok
test rules::tests::agent_cannot_terminate_postgres_session ... ok
test rules::tests::blast_radius_limit_is_inclusive_and_unknown_estimates_are_not_allowed ... ok
test rules::tests::connection_override_policy_is_used_directly ... ok
test rules::tests::human_allowed_local_write ... ok
test rules::tests::human_requires_approval_when_blast_radius_unknown ... ok
test rules::tests::human_unscoped_and_ddl_approval_survive_permissive_write_defaults ... ok
test rules::tests::deny_write_policy_denies_every_agent_write_route ... ok
test rules::tests::human_scoped_dml_blast_radius_in_mixed_script_requires_approval ... ok
test rules::tests::read_only_human_cannot_approve_unparseable_sql ... ok
test rules::tests::read_only_connection_blocks_write ... ok
test rules::tests::read_only_connection_blocks_postgres_side_effecting_function ... ok
test sensitive_projection::tests::a_plain_wildcard_over_a_real_table_is_unknown ... ok
test sensitive_projection::tests::a_cte_is_unknown ... ok
test sensitive_projection::tests::an_aliased_sensitive_column_is_flagged ... ok
test sensitive_projection::tests::a_sensitive_column_wrapped_in_an_expression_is_flagged ... ok
test sensitive_projection::tests::a_wildcard_over_a_derived_table_sees_through_to_the_inner_alias ... ok
test sensitive_projection::tests::an_unrelated_column_is_not_flagged ... ok
test transaction_control::tests::implicit_transaction_starters_are_dialect_aware_and_ignore_literals_and_comments ... ok
test transaction_control::tests::each_transaction_statement_is_recognised_per_dialect ... ok
test rules::tests::shared_batches_must_not_leave_an_explicit_transaction_open ... ok

test result: ok. 171 passed; 0 failed; 0 ignored; 0 measured; 0 filtered out; finished in 0.01s

     Running tests/administrative_dialects.rs (target/debug/deps/administrative_dialects-16f7a01b6d9b59b6)

running 15 tests
test copy_through_the_client_is_a_write_but_not_administrative ... ok
test kill_is_administrative_on_every_engine_that_parses_it ... ok
test a_column_named_like_a_control_function_is_not_administrative ... ok
test a_column_named_like_a_host_function_is_not_administrative ... ok
test an_engine_procedure_name_inside_a_literal_is_not_administrative ... ok
test a_read_only_connection_denies_a_postgres_host_read ... ok
test copy_that_reaches_the_host_is_administrative ... ok
test pg_sleep_stays_an_ordinary_read_because_timeouts_already_bound_it ... ok
test corrected_lexer_keeps_reads_intact_and_following_mutations_denied ... ok
test sql_server_extended_and_system_procedures_are_administrative ... ok
test an_ordinary_read_stays_a_read_on_every_engine ... ok
test sqlite_fileio_functions_are_administrative ... ok
test mysql_server_control_functions_are_administrative ... ok
test postgres_script_consumers_agree_across_crlf_comments_and_formatting ... ok
test postgres_host_and_network_functions_are_administrative ... ok

test result: ok. 15 passed; 0 failed; 0 ignored; 0 measured; 0 filtered out; finished in 0.00s

     Running tests/guard_transparency.rs (target/debug/deps/guard_transparency-5a75b51aaea0707a)

running 2 tests
test a_guard_does_not_invent_server_cancellation_the_driver_lacks ... ok
test a_guard_reports_the_server_cancellation_its_driver_supports ... ok

test result: ok. 2 passed; 0 failed; 0 ignored; 0 measured; 0 filtered out; finished in 0.00s

     Running tests/session_postgres.rs (target/debug/deps/session_postgres-696f8391759eb01d)

running 3 tests
test a_commit_failing_on_a_deferred_constraint_closes_the_batch ... ignored, requires docker
test a_commit_on_a_server_aborted_postgres_transaction_is_audited_as_rolled_back ... ignored, requires docker
test closing_a_session_with_an_open_transaction_rolls_it_back_on_real_postgres ... ignored, requires docker

test result: ok. 0 passed; 0 failed; 3 ignored; 0 measured; 0 filtered out; finished in 0.00s

     Running unittests src/lib.rs (target/debug/deps/tablepro_ssh-b6a3fd107015fb57)

running 86 tests
test known_hosts::tests::verify_or_learn_reports_io_error_when_known_hosts_path_is_a_directory ... ok
test known_hosts::tests::verify_or_learn_creates_known_hosts_on_first_use ... ok
test known_hosts::tests::verify_or_learn_detects_key_mismatch ... ok
test known_hosts::tests::verify_or_learn_detects_key_type_change ... ok
test openssh::argv::tests::master_argv_is_exact ... ok
test known_hosts::tests::a_refusing_connection_does_not_learn_an_unknown_key_but_still_trusts_a_known_one ... ok
test known_hosts::tests::a_changed_builtin_host_key_is_refused_without_prompting_or_overwriting ... ok
test known_hosts::tests::verify_or_learn_trusts_recorded_key_on_repeat ... ok
test known_hosts::tests::built_in_host_key_trust_is_persisted_only_after_acceptance ... ok
test openssh::argv::tests::jump_hosts_render_one_minus_j ... ok
test openssh::argv::tests::every_forced_option_precedes_the_destination_and_the_destination_follows_the_separator ... ok
test openssh::argv::tests::port_and_user_only_when_set ... ok
test openssh::argv::tests::private_key_path_adds_minus_i ... ok
test openssh::argv::tests::control_commands_ignore_the_user_config_and_escape_percent ... ok
test openssh::argv::tests::the_password_never_reaches_the_command_line ... ok
test openssh::argv::tests::preferred_authentications_per_mode ... ok
test openssh::askpass_bridge::tests::a_peer_from_another_uid_is_rejected_without_a_reply ... ok
test openssh::askpass_bridge::tests::a_destination_without_a_user_never_answers_from_the_store ... ok
test openssh::askpass_bridge::tests::a_secret_prompt_answered_with_accept_is_cancelled ... ok
test openssh::askpass_bridge::tests::a_notification_is_answered_without_asking ... ok
test openssh::askpass_bridge::tests::a_silent_peer_times_out ... ok
test openssh::askpass_bridge::tests::an_oversized_frame_is_rejected ... ok
test openssh::destination::tests::destination_rejects_empty_leading_dash_whitespace_control_and_port_zero ... ok
test openssh::destination::tests::forward_target_brackets_ipv6_and_rejects_socket_paths_and_options ... ok
test openssh::destination::tests::jump_list_parses_user_port_and_ipv6 ... ok
test openssh::askpass_bridge::tests::the_stored_password_answers_only_the_configured_account ... ok
test openssh::error::tests::a_missing_program_is_reported_as_a_missing_client ... ok
test openssh::forward::tests::a_free_loopback_port_is_on_loopback_and_not_zero ... ok
test openssh::askpass_bridge::tests::the_stored_passphrase_answers_only_the_configured_key ... ok
test openssh::prompt::tests::a_question_without_the_fingerprint_arm_is_not_a_host_key_prompt ... ok
test openssh::askpass_bridge::tests::the_stored_password_is_used_once_then_the_prompter_is_asked ... ok
test openssh::askpass_bridge::tests::host_key_prompts_always_reach_the_prompter_and_need_an_explicit_accept ... ok
test openssh::askpass_bridge::tests::unattended_declines_host_keys_and_records_the_declined_key ... ok
test openssh::prompt::tests::a_server_supplied_keyboard_interactive_prompt_cannot_pose_as_a_password_prompt ... ok
test openssh::prompt::tests::notifications_and_confirmations_follow_the_hint ... ok
test openssh::prompt::tests::host_key_prompts_from_openssh_10_and_9_6_read_the_same ... ok
test openssh::prompt::tests::secret_prompts_are_told_apart ... ok
test openssh::prompt::tests::the_unattended_prompter_declines_everything ... ok
test openssh::runtime::tests::a_group_writable_root_is_unsafe ... ok
test openssh::runtime::tests::a_symlinked_root_is_unsafe ... ok
test openssh::runtime::tests::the_base_falls_back_to_a_private_temp_dir ... ok
test openssh::runtime::tests::the_base_lives_under_the_runtime_dir_when_it_is_set ... ok
test openssh::runtime::tests::a_second_acquire_gets_a_distinct_instance ... ok
test openssh::runtime::tests::acquire_creates_private_directories_and_holds_the_instance_lock ... ok
test openssh::askpass_bridge::tests::the_stored_password_is_never_sent_to_a_jump_host_prompt ... ok
test openssh::session::tests::a_dropped_master_dir_is_removed_unless_kept ... ok
test openssh::stderr_classify::tests::a_declined_prompt_reports_the_declined_key ... ok
test openssh::session::tests::a_control_path_too_long_for_a_socket_is_refused_before_spawning ... ok
test openssh::session::tests::the_handshake_deadline_is_paused_while_prompting ... ok
test openssh::stderr_classify::tests::a_failed_verification_without_a_declined_prompt_is_not_reported_as_declined ... ok
test openssh::session::tests::the_stderr_tail_stays_bounded_on_a_char_boundary ... ok
test openssh::stderr_classify::tests::a_forward_failure_names_the_target ... ok
test openssh::stderr_classify::tests::auth_rejected_fixture ... ok
test openssh::stderr_classify::tests::bad_config_permissions_are_config_rejected ... ok
test openssh::stderr_classify::tests::config_rejected_option_fixture ... ok
test openssh::stderr_classify::tests::control_path_too_long_fixture ... ok
test openssh::stderr_classify::tests::host_key_changed_fixture ... ok
test openssh::stderr_classify::tests::crlf_line_endings_classify_the_same ... ok
test openssh::stderr_classify::tests::host_key_revoked_fixture ... ok
test openssh::stderr_classify::tests::host_key_unknown_strict_fixture ... ok
test openssh::stderr_classify::tests::name_resolution_fixture ... ok
test openssh::stderr_classify::tests::a_long_unknown_output_is_cut_to_its_tail_on_a_char_boundary ... ok
test openssh::stderr_classify::tests::refused_fixture ... ok
test openssh::stderr_classify::tests::timeout_fixture ... ok
test openssh::stderr_classify::tests::unknown_output_becomes_protocol_with_status ... ok
test tests::a_server_offering_only_keyboard_interactive_reports_it_is_unsupported ... ok
test tests::a_server_still_offering_password_reports_a_plain_auth_failure ... ok
test tests::check_socket_path_length_accepts_exactly_the_limit ... ok
test tests::check_socket_path_length_rejects_one_byte_over_the_limit ... ok
test tests::client_config_enables_keepalive_so_a_dead_bastion_is_eventually_detected ... ok
test tests::bind_local_rejects_a_socket_name_that_makes_the_path_too_long ... ok
test tests::map_connect_error_falls_back_to_a_generic_connect_error_without_a_recorded_outcome ... ok
test tests::empty_chain_is_rejected ... ok
test tests::local_socket_directory_fits_a_short_socket_name ... ok
test tests::open_is_single_hop_wrapper_shape ... ok
test tests::map_connect_error_prefers_a_recorded_host_key_mismatch_over_the_raw_connect_error ... ok
test tests::socket_dir_path_fits_rejects_one_byte_over_the_limit ... ok
test tests::ssh_auth_password_redacts_in_debug ... ok
test tests::socket_dir_path_fits_exactly_at_the_limit ... ok
test tests::ssh_auth_private_key_redacts_passphrase_in_debug ... ok
test tests::unknown_host_key_error_does_not_advise_running_ssh ... ok
test tests::relay_stops_and_closes_the_local_client_when_the_remote_sends_eof ... ok
test tests::relay_stops_when_the_remote_channel_is_gone ... ok
test openssh::sweep::tests::the_sweep_removes_unlocked_old_instances_and_keeps_live_and_fresh_ones ... ok
test tests::relay_stops_when_the_local_client_is_dropped_and_the_remote_closes ... ok
test tests::relay_sends_one_eof_after_the_local_client_closes_and_does_not_spin ... ok

test result: ok. 86 passed; 0 failed; 0 ignored; 0 measured; 0 filtered out; finished in 0.21s

     Running unittests src/bin/tablepro-askpass.rs (target/debug/deps/tablepro_askpass-7261b9f29cbb9d07)

running 0 tests

test result: ok. 0 passed; 0 failed; 0 ignored; 0 measured; 0 filtered out; finished in 0.00s

     Running tests/agent_auth.rs (target/debug/deps/agent_auth-4264ce4aab7ac278)

running 9 tests
test a_changed_key_on_the_second_hop_is_reported_as_a_host_key_mismatch ... ignored, requires docker
test a_key_not_in_authorized_keys_is_rejected ... ignored, requires docker
test a_paused_bastion_is_reported_closed_through_keepalive_instead_of_hanging_forever ... ignored, requires docker, and waits out the keepalive window
test a_two_hop_chain_reaches_the_final_host ... ignored, requires docker
test a_wrong_password_is_refused ... ignored, requires docker
test an_encrypted_private_key_authenticates_with_its_passphrase ... ignored, requires docker
test declining_a_built_in_host_key_does_not_learn_it ... ignored, requires docker
test password_authentication_succeeds_with_the_correct_password ... ignored, requires docker
test the_built_in_client_authenticates_with_a_key_held_by_ssh_agent ... ignored, requires docker

test result: ok. 0 passed; 0 failed; 9 ignored; 0 measured; 0 filtered out; finished in 0.00s

     Running tests/askpass_helper.rs (target/debug/deps/askpass_helper-ebc3df1724a01623)

running 5 tests
test no_socket_variable_exits_1 ... ok
test a_cancel_exits_1_with_nothing_printed ... ok
test a_missing_socket_exits_1 ... ok
test an_answer_is_printed_with_a_newline_and_exit_0 ... ok
test an_oversized_reply_is_refused ... ok

test result: ok. 5 passed; 0 failed; 0 ignored; 0 measured; 0 filtered out; finished in 0.00s

     Running tests/connect_timeout.rs (target/debug/deps/connect_timeout-5a9898e6e22974f2)

running 2 tests
test a_timeout_names_the_host_it_could_not_reach ... ok
test a_host_that_accepts_and_never_answers_times_out ... ok

test result: ok. 2 passed; 0 failed; 0 ignored; 0 measured; 0 filtered out; finished in 10.00s

     Running tests/openssh_fake_ssh.rs (target/debug/deps/openssh_fake_ssh-10ee6f3bb14844b3)

running 13 tests
test an_early_exit_is_classified_from_stderr_and_the_master_dir_is_removed ... ok
test the_stored_password_reaches_the_configured_account_through_the_helper ... ok
test a_jump_host_password_prompt_gets_nothing_when_unattended ... ok
test a_killed_master_closes_the_session ... ok
test a_refused_forward_is_classified ... ok
test a_named_socket_forward_lives_in_its_own_private_directory ... ok
test the_sweep_asks_stale_masters_to_exit_and_removes_their_directories ... ok
test the_master_starts_with_forced_options_null_stdin_and_the_askpass_socket ... ok
test dropping_the_session_asks_the_master_to_exit ... ok
test each_forward_gets_its_own_socket_and_is_cancelled_on_drop ... ok
test a_cancelled_connect_stops_the_master ... ok
test a_master_that_ignores_exit_is_killed_after_the_grace_period ... ok
test a_master_that_never_finishes_authenticating_hits_the_connect_deadline ... ok

test result: ok. 13 passed; 0 failed; 0 ignored; 0 measured; 0 filtered out; finished in 0.52s

     Running tests/openssh_pdeathsig.rs (target/debug/deps/openssh_pdeathsig-17694130fbc0e66f)

running 2 tests
test proc_zombies_are_not_reported_as_live_ssh_masters ... ok
test killing_the_parent_process_takes_the_ssh_master_down_with_it ... ok

test result: ok. 2 passed; 0 failed; 0 ignored; 0 measured; 0 filtered out; finished in 0.05s

     Running tests/openssh_session.rs (target/debug/deps/openssh_session-b8304dca5ee93c4b)

running 12 tests
test openssh_a_changed_host_key_is_reported_as_host_key_changed ... ignored, requires docker
test openssh_a_proxyjump_line_in_the_ssh_config_reaches_the_target ... ignored, requires docker
test openssh_authenticates_with_a_key_held_by_ssh_agent ... ignored, requires docker
test openssh_authenticates_with_a_passphrase_protected_private_key ... ignored, requires docker
test openssh_authenticates_with_an_unencrypted_private_key ... ignored, requires docker
test openssh_dropping_last_arc_ends_master ... ignored, requires docker
test openssh_forward_reaches_sshd_and_socket_is_0600 ... ignored, requires docker
test openssh_killing_master_fires_closed ... ignored, requires docker
test openssh_password_through_prompter ... ignored, requires docker
test openssh_stored_password_is_not_sent_to_a_jump_host ... ignored, requires docker
test openssh_unknown_host_declined_is_host_key_unknown_declined ... ignored, requires docker
test openssh_wrong_password_is_authentication_rejected ... ignored, requires docker

test result: ok. 0 passed; 0 failed; 12 ignored; 0 measured; 0 filtered out; finished in 0.00s

     Running unittests src/lib.rs (target/debug/deps/tablepro_storage-e27074fe1e26fdcd)

running 180 tests
test connection_bundle::tests::a_connection_with_no_stored_credentials_contributes_nothing_to_a_bundle ... ignored, requires a running Secret Service; scripts/test-secret-service.sh provides one
test connection_bundle::tests::a_bundle_listing_one_id_twice_is_rejected_whole ... ok
test connection_bundle::tests::a_different_ssh_hop_chain_is_a_different_endpoint ... ok
test connection_bundle::tests::a_fresh_id_is_imported_unchanged ... ok
test connection_bundle::tests::a_local_connection_absent_from_the_bundle_is_left_alone ... ok
test connection_bundle::tests::a_bundle_without_a_passphrase_carries_no_credentials ... ok
test connection_bundle::tests::a_legacy_use_tls_flag_cannot_contradict_the_exported_tls_mode ... ok
test connection_bundle::tests::a_document_that_is_not_a_bundle_is_refused ... ok
test connection_bundle::tests::a_future_bundle_version_is_refused_rather_than_guessed ... ok
test connection_bundle::tests::an_export_collects_every_credential_kind_for_a_connection ... ignored, requires a running Secret Service; scripts/test-secret-service.sh provides one
test connection_bundle::tests::a_socket_connection_keeps_its_directory_through_a_bundle ... ok
test connection_bundle::tests::a_plaintext_payload_carrying_credentials_is_rejected ... ok
test connection_bundle::tests::an_import_keeps_the_local_password_until_replacement_is_asked_for ... ignored, requires a running Secret Service; scripts/test-secret-service.sh provides one
test connection_bundle::tests::an_imported_new_connection_carries_no_last_opened_stamp ... ok
test connection_bundle::tests::an_import_keeps_an_existing_local_password_unless_replacement_is_asked_for ... ok
test connection_bundle::tests::an_in_place_update_can_raise_the_environment ... ok
test connection_bundle::tests::an_endpoint_match_ignores_host_case_and_settings ... ok
test connection_bundle::tests::an_in_place_update_can_strengthen_tls ... ok
test connection_bundle::tests::an_in_place_update_cannot_clear_read_only ... ok
test connection_bundle::tests::an_in_place_update_cannot_lower_the_environment ... ok
test connection_bundle::tests::an_in_place_update_cannot_weaken_tls ... ok
test connection_bundle::tests::an_in_place_update_keeps_the_local_last_opened_stamp ... ok
test connection_bundle::tests::credentials_never_reach_a_debug_line ... ok
test connection_bundle::tests::an_ssh_chain_deeper_than_the_cap_is_refused_on_import ... ok
test connection_bundle::tests::rolling_back_an_import_removes_only_the_credentials_it_wrote ... ignored, requires a running Secret Service; scripts/test-secret-service.sh provides one
test connection_bundle::tests::a_bundle_over_the_size_limit_is_refused_before_parsing ... ok
test connection_bundle::tests::no_error_message_carries_a_secret_a_host_or_a_database_name ... ok
test connection_bundle::tests::the_bundle_classifies_every_saved_connection_field ... ok
test connection_bundle::tests::the_same_id_on_the_same_endpoint_updates_in_place ... ok
test audit_journal::tests::a_record_with_non_canonical_whitespace_in_its_event_json_still_verifies ... ok
test connection_bundle::tests::the_same_id_on_a_different_endpoint_never_overwrites_the_local_record ... ok
test connection_bundle_crypto::tests::a_memory_bomb_header_is_rejected_before_derivation ... ok
test audit_journal::tests::detects_tamper ... ok
test connection_bundle::tests::the_exported_record_carries_exactly_the_included_fields ... ok
test connection_bundle::tests::the_organization_entry_travels_with_its_connection ... ok
test connection_bundle_crypto::tests::kdf_parameters_outside_the_accepted_range_are_refused ... ok
test connection_bundle_crypto::tests::the_associated_data_layout_is_length_prefixed_and_unambiguous ... ok
test connection_color::tests::a_colour_outside_the_palette_is_rejected ... ok
test connection_color::tests::a_css_class_is_only_built_for_a_palette_entry ... ok
test connection_color::tests::a_palette_name_survives_case_and_padding ... ok
test audit_journal::tests::append_and_verify ... ok
test connection_color::tests::every_palette_entry_has_a_css_class ... ok
test connection_color::tests::palette_names_are_lowercase_ascii ... ok
test connection_color::tests::the_palette_has_no_duplicates ... ok
test connection_organization::tests::a_bare_filter_term_matches_name_group_tag_or_driver ... ok
test connection_organization::tests::a_colour_outside_the_palette_is_not_stored ... ok
test connection_organization::tests::a_connection_belongs_to_at_most_one_group ... ok
test connection_organization::tests::a_colour_outside_the_palette_on_disk_reads_as_no_colour ... ok
test connection_organization::tests::a_colour_tag_round_trips_through_the_sidecar ... ok
test connection_organization::tests::a_file_written_by_this_version_still_loads ... ok
test connection_organization::tests::a_palette_colour_is_stored_normalised ... ok
test connection_organization::tests::a_hostile_file_is_sanitized_rather_than_trusted ... ok
test connection_organization::tests::a_field_written_by_a_newer_version_survives_a_rewrite ... ok
test connection_organization::tests::arranging_applies_the_filter ... ok
test connection_organization::tests::an_unsupported_version_is_refused ... ok
test connection_organization::tests::arranging_puts_favorites_first_then_groups_then_ungrouped ... ok
test connection_organization::tests::clearing_every_field_drops_the_entry_instead_of_storing_a_blank ... ok
test connection_organization::tests::a_malformed_organization_file_survives_a_write ... ok
test connection_organization::tests::deleting_a_connection_prunes_its_organization_entry ... ok
test connection_organization::tests::groups_and_tags_are_listed_once_each_case_insensitively ... ok
test connection_organization::tests::is_favorite_keeps_only_favorites_and_an_empty_filter_keeps_everything ... ok
test connection_organization::tests::load_returns_an_empty_index_when_the_file_is_missing ... ok
test connection_organization::tests::multiple_terms_narrow_instead_of_widening ... ok
test connection_organization::tests::oversized_labels_and_tag_counts_are_refused ... ok
test connection_organization::tests::qualified_filter_terms_narrow_to_one_field ... ok
test connection_organization::tests::tags_are_trimmed_deduplicated_and_sorted ... ok
test connection_organization::tests::the_favorite_flag_toggles_without_touching_group_or_tags ... ok
test connection_organization::tests::concurrent_stale_indexes_merge_distinct_fields_on_one_record ... ok
test connection_organization::tests::concurrent_indexes_merge_a_colour_against_a_group ... ok
test connection_organization::tests::concurrent_stale_indexes_merge_distinct_records ... ok
test connection_url::tests::a_bracketed_ipv6_host_keeps_its_address ... ok
test connection_url::tests::a_password_is_kept_out_of_the_saved_record ... ok
test connection_url::tests::a_postgres_url_becomes_a_saved_connection ... ok
test connection_url::tests::a_query_string_never_becomes_the_database_name ... ok
test connection_url::tests::a_semicolon_or_quote_in_the_host_cannot_reach_a_saved_record ... ok
test connection_url::tests::an_omitted_port_falls_back_to_the_scheme_default ... ok
test connection_url::tests::an_over_long_url_is_refused_before_decoding ... ok
test connection_url::tests::imported_urls_default_to_a_local_read_write_password_connection ... ok
test connection_url::tests::hostile_and_malformed_urls_are_refused ... ok
test connection_url::tests::percent_escapes_are_decoded_in_credentials_and_database ... ok
test connections::tests::a_certificate_authority_path_round_trips ... ok
test connections::tests::a_duplicate_keeps_the_recorded_open_time_off_the_copy ... ok
test connections::tests::a_duplicate_gets_a_fresh_id_and_a_distinct_name ... ok
test connections::tests::a_file_without_a_certificate_authority_still_loads ... ok
test connection_organization::tests::the_index_caps_how_many_connections_it_organizes ... ok
test connections::tests::a_file_holding_an_over_deep_ssh_chain_is_refused_on_load ... ok
test connections::tests::a_field_written_by_a_newer_version_survives_a_rewrite ... ok
test connections::tests::a_malformed_previous_file_is_preserved_and_blocks_a_save ... ok
test connections::tests::a_saved_file_is_readable_only_by_its_owner ... ok
test connections::tests::a_file_written_by_this_version_still_loads_unchanged ... ok
test connections::tests::a_shared_temporary_path_does_not_block_a_save ... ok
test connections::tests::a_truncated_file_is_refused_instead_of_loading_as_empty ... ok
test connections::tests::a_second_duplicate_does_not_reuse_the_first_copy_name ... ok
test connections::tests::an_ssh_chain_past_the_hop_cap_is_refused ... ok
test connections::tests::an_ssh_chain_at_the_hop_cap_is_accepted ... ok
test connections::tests::an_import_never_removes_a_connection_the_bundle_omits ... ok
test connections::tests::an_import_plan_lands_as_one_rewrite ... ok
test connections::tests::auth_mode_defaults_to_password_for_legacy_connections ... ok
test connections::tests::duplicating_an_unknown_id_is_an_error_and_writes_nothing ... ok
test connections::tests::clearing_an_optional_field_is_not_undone_by_field_preservation ... ok
test connections::tests::kerberos_auth_mode_round_trips ... ok
test connections::tests::legacy_use_tls_true_maps_to_verify_full ... ok
test connections::tests::load_accepts_legacy_files_without_ssh_field ... ok
test connections::tests::load_accepts_legacy_ssh_without_jump ... ok
test connections::tests::concurrent_deletions_do_not_restore_another_deleted_connection ... ok
test connections::tests::load_rejects_a_file_over_the_size_limit ... ok
test connections::tests::load_rejects_unknown_version ... ok
test connections::tests::load_returns_empty_when_file_missing ... ok
test connections::tests::local_sqlite_and_duckdb_records_do_not_store_password_fields ... ok
test connections::tests::per_connection_timeouts_round_trip_and_are_absent_by_default ... ok
test connection_organization::tests::a_file_over_the_connection_ceiling_is_refused ... ok
test connections::tests::postgres_socket_directory_round_trips_without_a_version_bump ... ok
test connections::tests::load_rejects_oversized_connection_values ... ok
test connections::tests::rewriting_an_existing_file_keeps_it_private ... ok
test connections::tests::save_creates_parent_directory ... ok
test connections::tests::save_then_load_round_trips ... ok
test connections::tests::ssh_config_round_trips ... ok
test connections::tests::rolling_back_an_updated_connection_restores_its_previous_record ... ok
test connections::tests::the_agent_flag_is_written_only_when_set_so_older_builds_still_read_the_file ... ok
test favorites::tests::a_favorite_needs_a_name_and_a_statement ... ok
test connections::tests::the_known_field_list_covers_every_serialized_key ... ok
test favorites::tests::a_missing_file_loads_as_empty ... ok
test connections::tests::ssh_jump_chain_round_trips ... ok
test favorites::tests::a_malformed_file_is_preserved_and_blocks_a_save ... ok
test favorites::tests::an_unsupported_version_is_rejected ... ok
test favorites::tests::filtering_matches_name_and_statement_case_insensitively ... ok
test favorites::tests::ranking_puts_recently_used_first_then_sorts_by_name ... ok
test favorites::tests::favorites_are_capped ... ok
test favorites::tests::saving_the_same_id_updates_in_place ... ok
test favorites::tests::saving_the_same_name_replaces_the_statement_and_keeps_the_id ... ok
test favorites::tests::favorites_round_trip_through_a_file ... ok
test file_access::tests::subprocess_holds_path_lock ... ignored, helper process spawned by other tests through --exact --ignored, not a standalone test
test paths::tests::profile_paths_and_secrets_share_an_identity ... ok
test favorites::tests::unknown_file_and_favorite_fields_survive_an_update ... ok
test query_history::tests::a_database_written_before_versioning_is_stamped_with_the_current_version ... ok
test query_history::tests::a_fresh_history_db_is_created_private ... ok
test query_history::tests::a_failed_history_migration_rolls_back_its_schema_and_version_change ... ok
test query_history::tests::a_source_filter_keeps_only_the_entries_that_came_from_it ... ok
test query_history::tests::a_version_from_a_newer_build_is_left_alone ... ok
test query_history::tests::an_unknown_stored_source_reads_as_editor_rather_than_failing ... ok
test query_history::tests::csv_escaping ... ok
test query_history::tests::an_older_database_gains_the_source_column_and_reads_as_editor ... ok
test connections::tests::load_rejects_excessive_connection_entries ... ok
test query_history::tests::outcome_summary_reports_an_error_outcome ... ok
test query_history::tests::outcome_summary_reports_cancelled_before_checking_success ... ok
test query_history::tests::outcome_summary_reports_duration_only_when_rows_are_unknown ... ok
test query_history::tests::outcome_summary_reports_plain_ok_when_neither_is_known ... ok
test query_history::tests::outcome_summary_reports_rows_and_duration_when_both_are_known ... ok
test query_history::tests::outcome_summary_reports_rows_only_when_duration_is_unknown ... ok
test query_history::tests::rejects_query_over_limit ... ok
test query_history::tests::full_text_search_still_finds_an_entry_written_before_the_upgrade ... ok
test query_history::tests::restrict_permissions_tightens_the_database_and_its_wal_and_shm_siblings ... ok
test query_history::tests::reopening_an_up_to_date_database_applies_nothing_further ... ok
test query_history::tests::stores_keep_independent_pools ... ok
test query_history::tests::opening_a_legacy_history_file_migrates_it_and_reopening_keeps_its_data ... ok
test secrets::tests::a_missing_secret_service_is_recognised_from_the_dbus_error_text ... ok
test secrets::tests::attrs_distinguish_kinds ... ok
test secrets::tests::attrs_for_includes_uuid_in_canonical_lowercase_hyphenated_form ... ok
test secrets::tests::attrs_include_schema_connection_id_and_kind ... ok
test secrets::tests::invalid_utf8_secret_produces_schema_error_with_descriptive_prefix ... ok
test secrets::tests::keyring_failures_are_told_apart ... ok
test secrets::tests::kind_constants_are_distinct_and_non_empty ... ok
test secrets::tests::map_err_keeps_the_underlying_message_for_an_unclassified_failure ... ok
test secrets::tests::round_trip_via_secret_service ... ignored, requires a running Secret Service; scripts/test-secret-service.sh provides one
test secrets::tests::schema_constant_uses_reverse_dns ... ok
test query_history::tests::upgrading_an_older_database_keeps_the_entries_it_already_holds ... ok
test query_history::tests::upgrading_a_history_file_keeps_a_private_pre_migration_snapshot ... ok
test file_access::tests::separate_processes_serialize_on_the_same_storage_path ... ok
test connections::tests::oversized_serialization_does_not_replace_the_existing_file ... ok
test connection_bundle_crypto::tests::an_empty_passphrase_is_refused_on_both_paths ... ok
test connection_bundle_crypto::tests::downgrading_the_kdf_header_cannot_produce_a_cheap_bundle ... ok
test connection_bundle_crypto::tests::the_export_parameters_are_memory_hard ... ok
test connection_bundle::tests::a_memory_bomb_kdf_header_is_refused_at_parse_time ... ok
test connection_bundle::tests::an_encrypted_bundle_round_trips_its_credentials ... ok
test connection_bundle_crypto::tests::every_seal_uses_a_fresh_salt_and_nonce ... ok
test connection_bundle_crypto::tests::a_sealed_body_opens_with_the_same_passphrase ... ok
test connection_bundle_crypto::tests::rewriting_the_envelope_invalidates_the_tag ... ok
test connection_bundle::tests::no_bundle_shape_has_a_field_for_an_mcp_token ... ok
test connection_bundle_crypto::tests::a_wrong_passphrase_and_a_tampered_body_fail_the_same_way ... ok
test connection_bundle::tests::a_wrong_passphrase_and_a_changed_file_report_the_same_failure ... ok

test result: ok. 174 passed; 0 failed; 6 ignored; 0 measured; 0 filtered out; finished in 17.86s

     Running tests/audit_journal_concurrency.rs (target/debug/deps/audit_journal_concurrency-1704928daaf17167)

running 4 tests
test process_writer ... ok

running 1 test

running 1 test
test process_writer ... ok

test result: ok. 1 passed; 0 failed; 0 ignored; 0 measured; 3 filtered out; finished in 1.06s

test process_writer ... ok

test result: ok. 1 passed; 0 failed; 0 ignored; 0 measured; 3 filtered out; finished in 1.07s

test two_processes_cannot_fork_the_sequence ... ok
test independently_opened_handles_share_a_valid_chain ... ok
test one_thousand_concurrent_appends_produce_one_chain ... ok

test result: ok. 4 passed; 0 failed; 0 ignored; 0 measured; 0 filtered out; finished in 25.15s

     Running tests/audit_journal_recovery.rs (target/debug/deps/audit_journal_recovery-f6bf47756b4c247f)

running 12 tests
test validated_open_rejects_tampered_legacy_journal_without_rotation ... ok
test validated_open_preserves_complete_record_without_newline ... ok
test unresolved_recovery_remains_durable_without_duplicate_outcomes ... ok
test validated_open_creates_parent_and_private_file ... ok
test validated_open_repairs_existing_file_mode ... ok
test validated_open_rejects_terminated_corruption ... ok
test validated_open_upgrades_verified_legacy_journal ... ok
test recovered_transaction_rollback_has_unknown_transaction_outcome ... ok
test validated_open_does_not_recover_a_live_write_intent ... ok
test validated_open_truncates_only_trailing_partial_record ... ok
test second_handle_rejects_new_write_intent_while_allowing_reads_and_terminal_outcomes ... ok
test unmatched_read_is_recovered_once_without_poisoning_writes ... ok

test result: ok. 12 passed; 0 failed; 0 ignored; 0 measured; 0 filtered out; finished in 0.01s

     Running unittests src/lib.rs (target/debug/deps/tablepro_transport-25bc17b565455b39)

running 26 tests
test route::tests::a_program_is_found_only_in_absolute_path_entries_and_only_when_executable ... ok
test session_material::tests::length_prefix_avoids_tag_ambiguity ... ok
test session_material::tests::missing_ssh_key_file_fails_closed ... ok
test session_material::tests::password_bytes_change_the_digest ... ok
test session_material::tests::missing_tls_ca_file_fails_closed ... ok
test session_material::tests::the_material_file_limit_is_one_mebibyte ... ok
test session_material::tests::jump_hop_password_auth_fails_closed ... ok
test tests::a_saved_connect_timeout_replaces_the_default_and_zero_keeps_it ... ok
test session_material::tests::rotating_tls_ca_bytes_changes_the_digest ... ok
test session_material::tests::sqlite_digest_is_stable_without_secret_service ... ok
test tests::hop_zero_password_auth_still_works ... ignored, requires a running Secret Service; scripts/test-secret-service.sh provides one
test session_material::tests::rotating_ssh_key_bytes_changes_the_digest ... ok
test tests::a_multi_hop_key_only_chain_still_resolves ... ok
test tests::a_jump_hop_cannot_use_password_auth ... ok
test tests::kerberos_requires_driver_support ... ok
test tests::socket_forwarding_applies_only_when_the_mode_verifies_certificates ... ok
test tests::establish_never_reuses_a_socket_directory_from_an_earlier_attempt ... ok
test tests::local_socket_validation_is_fail_closed ... ok
test tests::socket_forwarding_keeps_the_service_hostname_for_tls ... ok
test tests::tcp_forwarding_clears_any_earlier_socket_directory ... ok
test tests::tunnel_uses_local_dial_endpoint_and_keeps_service_identity ... ok
test session_material::tests::oversized_material_file_fails_closed ... ok
test tests::database_connection_attempt_is_bounded ... ok
test session_material::tests::hop_zero_password_auth_is_not_refused_by_the_jump_guard ... ok
test session_material::tests::material_file_exactly_at_the_limit_is_accepted ... ok
test route::tests::cancelling_while_open_openssh_is_connecting_stops_the_master_and_removes_its_directory ... ok

test result: ok. 25 passed; 0 failed; 1 ignored; 0 measured; 0 filtered out; finished in 0.30s

     Running tests/options.rs (target/debug/deps/options-c5084d476b03a124)

running 11 tests
test a_legacy_tls_flag_still_means_full_verification ... ok
test a_direct_connection_carries_no_tunnel_state ... ok
test a_connection_without_a_certificate_authority_uses_the_system_trust_store ... ok
test a_jump_chain_resolves_in_hop_order ... ok
test a_saved_certificate_authority_reaches_the_driver ... ok
test an_agent_hop_uses_the_agent_on_either_client_and_needs_no_keyring ... ok
test a_saved_local_socket_reaches_gui_and_agent_connection_options ... ok
test a_tunnelled_connection_still_starts_from_the_database_hostname ... ok
test file_connections_do_not_require_secret_service ... ok
test explicit_tls_modes_override_both_legacy_flags_without_losing_connection_fields ... ok
test an_openssh_connection_becomes_a_single_destination_and_refuses_a_saved_jump_chain ... ok

test result: ok. 11 passed; 0 failed; 0 ignored; 0 measured; 0 filtered out; finished in 0.00s

     Running tests/refusals.rs (target/debug/deps/refusals-e52763a0aa6a93ec)

running 9 tests
test every_enabled_tls_mode_is_refused_on_a_local_socket_before_dialing ... ok
test a_local_socket_cannot_be_combined_with_ssh ... ok
test a_relative_socket_directory_is_refused ... ok
test a_local_socket_cannot_be_combined_with_tls ... ok
test a_zero_socket_port_is_refused ... ok
test a_local_socket_is_refused_by_a_driver_that_cannot_do_it ... ok
test integrated_authentication_is_refused_by_a_driver_that_cannot_do_it ... ok
test an_empty_jump_chain_is_refused_rather_than_treated_as_a_direct_connection ... ok
test missing_and_regular_file_socket_paths_are_refused_before_dialing ... ok

test result: ok. 9 passed; 0 failed; 0 ignored; 0 measured; 0 filtered out; finished in 0.00s

    Finished `test` profile [unoptimized + debuginfo] target(s) in 0.18s
     Running tests/cancellation.rs (target/debug/deps/cancellation-b56d1b7b4b2259b5)

running 1 test
test interrupted_browse_never_changes_normal_command_database ... ok

test result: ok. 1 passed; 0 failed; 0 ignored; 0 measured; 0 filtered out; finished in 0.21s

Preflight passed. Next:
  ./scripts/ci-local.sh        # full workspace incl. GTK app
  ./scripts/build-deb.sh       # only when you need a local package
